TABLE_NAME,COLUMN_NAME,DATA_TYPE,DATA_LENGTH,NULLABLE
ACCESS_PROFILES,ACCESS_PROFILE_ID,NUMBER,22,N
ACCESS_PROFILES,NAME,VARCHAR2,50,N
ACCESS_PROFILES,DESCRIPTION,VARCHAR2,100,Y
ACCESS_PROFILES,DISPLAY_ORDER,NUMBER,22,N
ACCESS_PROFILES_RELATIONSHIPS,ROW_ID,NUMBER,22,N
ACCESS_PROFILES_RELATIONSHIPS,MANAGING_PROFILE_ID,NUMBER,22,N
ACCESS_PROFILES_RELATIONSHIPS,SUBORDINATE_PROFILE_ID,NUMBER,22,N
ACCESS_PROFILES_ROLES,ASSIGN_ID,NUMBER,22,N
ACCESS_PROFILES_ROLES,ACCESS_PROFILE_ID,NUMBER,22,N
ACCESS_PROFILES_ROLES,ROLE_ID,NUMBER,22,N
ACCESS_PROFILES_ROLES,CREATED_ON,DATE,7,Y
ACCESS_PROFILES_ROLES,CREATED_BY,VARCHAR2,500,Y
ACCESS_PROFILES_ROLES,UPDATED_ON,DATE,7,Y
ACCESS_PROFILES_ROLES,UPDATED_BY,VARCHAR2,500,Y
APP_ID_INDEX,INDEX_ID,NUMBER,22,N
APP_ID_INDEX,APP_ALIAS,VARCHAR2,200,Y
APP_ID_INDEX,APP_ID,NUMBER,22,Y
APP_ID_INDEX,CREATED_ON,DATE,7,Y
APP_ID_INDEX,CREATED_BY,VARCHAR2,500,Y
APP_ID_INDEX,UPDATED_ON,DATE,7,Y
APP_ID_INDEX,UPDATED_BY,VARCHAR2,500,Y
APP_ID_INDEX,APP_NAME,VARCHAR2,100,Y
APP_PRIVILEGES,PRIVILEGE_ID,NUMBER,22,N
APP_PRIVILEGES,PRIVILEGE_NAME,VARCHAR2,100,Y
APP_PRIVILEGES,CREATED_ON,DATE,7,Y
APP_PRIVILEGES,CREATED_BY,VARCHAR2,500,Y
APP_PRIVILEGES,UPDATED_ON,DATE,7,Y
APP_PRIVILEGES,UPDATED_BY,VARCHAR2,500,Y
APP_PRIVILEGES,GROUP_ID,NUMBER,22,Y
APP_PRIVILEGE_GROUPS,GROUP_ID,NUMBER,22,N
APP_PRIVILEGE_GROUPS,GROUP_NAME,VARCHAR2,500,Y
APP_PRIVILEGE_GROUPS,CREATED_ON,DATE,7,Y
APP_PRIVILEGE_GROUPS,CREATED_BY,VARCHAR2,500,Y
APP_PRIVILEGE_GROUPS,UPDATED_ON,DATE,7,Y
APP_PRIVILEGE_GROUPS,UPDATED_BY,VARCHAR2,500,Y
AP_CLASS_ATTENDANCE,ATTEND_ID,NUMBER,22,N
AP_CLASS_ATTENDANCE,SESSION_ID,NUMBER,22,Y
AP_CLASS_ATTENDANCE,SIGNUP_ID,NUMBER,22,Y
AP_CLASS_ATTENDANCE,ATTEND,CHAR,1,Y
AP_CLASS_ATTENDANCE,CREATED_ON,DATE,7,Y
AP_CLASS_ATTENDANCE,CREATED_BY,VARCHAR2,500,Y
AP_CLASS_ATTENDANCE,UPDATED_ON,DATE,7,Y
AP_CLASS_ATTENDANCE,UPDATED_BY,VARCHAR2,500,Y
AP_CLASS_FORMATS,FORMAT_ID,NUMBER,22,N
AP_CLASS_FORMATS,TYPE_ID,NUMBER,22,N
AP_CLASS_FORMATS,DESCRIPTION,VARCHAR2,1000,Y
AP_CLASS_FORMATS,CREATED_ON,DATE,7,Y
AP_CLASS_FORMATS,CREATED_BY,VARCHAR2,500,Y
AP_CLASS_FORMATS,UPDATED_ON,DATE,7,Y
AP_CLASS_FORMATS,UPDATED_BY,VARCHAR2,500,Y
AP_CLASS_FORMATS,PRICE_DEFAULT_OVERRIDE,NUMBER,22,Y
AP_CLASS_FORMATS,SESSION_CT_DEFAULT,NUMBER,22,N
AP_CLASS_FORMATS,SESSION_LENGTH_DEFAULT,NUMBER,22,N
AP_CLASS_FORMATS,SIGNUP_MAX_DEFAULT_OVERRIDE,NUMBER,22,Y
AP_CLASS_FORMATS,SIGNUP_MIN_DEFAULT_OVERRIDE,NUMBER,22,Y
AP_CLASS_INSTANCES,INSTANCE_ID,NUMBER,22,N
AP_CLASS_INSTANCES,CREATED_ON,DATE,7,Y
AP_CLASS_INSTANCES,CREATED_BY,VARCHAR2,500,Y
AP_CLASS_INSTANCES,UPDATED_ON,DATE,7,Y
AP_CLASS_INSTANCES,UPDATED_BY,VARCHAR2,500,Y
AP_CLASS_INSTANCES,CANCEL_BY_OVERRIDE,DATE,7,Y
AP_CLASS_INSTANCES,FORMAT_ID,NUMBER,22,N
AP_CLASS_INSTANCES,SIGNUPS_START_OVERRIDE,DATE,7,Y
AP_CLASS_INSTANCES,CANCELLED_DATETIME,DATE,7,Y
AP_CLASS_INSTANCES,PRICE,NUMBER,22,Y
AP_CLASS_INSTANCES,SIGNUP_MAX,NUMBER,22,Y
AP_CLASS_INSTANCES,SIGNUP_MIN,NUMBER,22,Y
AP_CLASS_INSTANCES,DO_NOT_AUTO_CANCEL,CHAR,1,Y
AP_CLASS_INSTANCES,HIDE_ONLINE,CHAR,1,Y
AP_CLASS_INSTANCES,LOCATION_STRING,VARCHAR2,100,Y
AP_CLASS_INSTANCES,INSTRUCTOR_ID,NUMBER,22,Y
AP_CLASS_SESSIONS,SESSION_ID,NUMBER,22,N
AP_CLASS_SESSIONS,INSTANCE_ID,NUMBER,22,N
AP_CLASS_SESSIONS,SESSION_DATETIME,DATE,7,N
AP_CLASS_SESSIONS,IS_MAKEUP,CHAR,1,Y
AP_CLASS_SESSIONS,CREATED_ON,DATE,7,Y
AP_CLASS_SESSIONS,CREATED_BY,VARCHAR2,500,Y
AP_CLASS_SESSIONS,UPDATED_ON,DATE,7,Y
AP_CLASS_SESSIONS,UPDATED_BY,VARCHAR2,500,Y
AP_CLASS_SESSIONS,CANCELLED_DATETIME,DATE,7,Y
AP_CLASS_SESSIONS,HEADCOUNT,NUMBER,22,Y
AP_CLASS_SESSIONS,SESSION_LENGTH,NUMBER,22,N
AP_CLASS_SIGNUPS,SIGNUP_ID,NUMBER,22,N
AP_CLASS_SIGNUPS,INSTANCE_ID,NUMBER,22,N
AP_CLASS_SIGNUPS,PERSON_ID,NUMBER,22,N
AP_CLASS_SIGNUPS,ORDER_ID,NUMBER,22,Y
AP_CLASS_SIGNUPS,SIGNUP_DATETIME,DATE,7,N
AP_CLASS_SIGNUPS,SIGNUP_TYPE,CHAR,1,N
AP_CLASS_SIGNUPS,CREATED_ON,DATE,7,Y
AP_CLASS_SIGNUPS,CREATED_BY,VARCHAR2,500,Y
AP_CLASS_SIGNUPS,UPDATED_ON,DATE,7,Y
AP_CLASS_SIGNUPS,UPDATED_BY,VARCHAR2,500,Y
AP_CLASS_SIGNUPS,CC_TRANS_NUM,VARCHAR2,50,Y
AP_CLASS_SIGNUPS,CLOSE_ID,NUMBER,22,Y
AP_CLASS_SIGNUPS,DISCOUNT_INSTANCE_ID,NUMBER,22,Y
AP_CLASS_SIGNUPS,PAYMENT_MEDIUM,VARCHAR2,50,Y
AP_CLASS_SIGNUPS,PRICE,NUMBER,22,Y
AP_CLASS_SIGNUPS,SEQUENCE,NUMBER,22,N
AP_CLASS_SIGNUPS,VOID_CLOSE_ID,NUMBER,22,Y
AP_CLASS_SIGNUPS,PAYMENT_LOCATION,VARCHAR2,50,Y
AP_CLASS_SIGNUPS,SIGNUP_NOTE,VARCHAR2,4000,Y
AP_CLASS_SIGNUPS,VOIDED_ONLINE,CHAR,1,Y
AP_CLASS_TYPES,TYPE_ID,NUMBER,22,N
AP_CLASS_TYPES,TYPE_NAME,VARCHAR2,200,N
AP_CLASS_TYPES,RATING_PREREQ,NUMBER,22,Y
AP_CLASS_TYPES,CLASS_PREREQ,NUMBER,22,Y
AP_CLASS_TYPES,RATING_OVERKILL,NUMBER,22,Y
AP_CLASS_TYPES,CREATED_ON,DATE,7,Y
AP_CLASS_TYPES,CREATED_BY,VARCHAR2,500,Y
AP_CLASS_TYPES,UPDATED_ON,DATE,7,Y
AP_CLASS_TYPES,UPDATED_BY,VARCHAR2,500,Y
AP_CLASS_TYPES,DISPLAY_ORDER,NUMBER,22,N
AP_CLASS_TYPES,DESC_LONG,CLOB,4000,Y
AP_CLASS_TYPES,DESC_SHORT,CLOB,4000,Y
AP_CLASS_TYPES,CLASS_OVERKILL,NUMBER,22,Y
AP_CLASS_TYPES,COLOR_CODE,CHAR,6,Y
AP_CLASS_TYPES,NO_SIGNUP,CHAR,1,Y
AP_CLASS_TYPES,PRICE_DEFAULT,NUMBER,22,Y
AP_CLASS_TYPES,SIGNUP_MAX_DEFAULT,NUMBER,22,Y
AP_CLASS_TYPES,SIGNUP_MIN_DEFAULT,NUMBER,22,Y
AP_CLASS_TYPES,DISALLOW_IF_OVERKILL,CHAR,1,Y
AP_CLASS_TYPES,TEACH_URL,VARCHAR2,100,Y
AP_CLASS_TYPES_SEASONS,ASSIGN_ID,NUMBER,22,N
AP_CLASS_TYPES_SEASONS,TYPE_ID,NUMBER,22,N
AP_CLASS_TYPES_SEASONS,SEASON,NUMBER,22,N
AP_CLASS_TYPE_OVERRIDES,ROW_ID,NUMBER,22,N
AP_CLASS_TYPE_OVERRIDES,PERSON_ID,NUMBER,22,N
AP_CLASS_TYPE_OVERRIDES,TYPE_ID,NUMBER,22,N
AP_CLASS_TYPE_OVERRIDES,SEASON,NUMBER,22,N
AP_CLASS_TYPE_OVERRIDES,CREATED_ON,DATE,7,Y
AP_CLASS_TYPE_OVERRIDES,CREATED_BY,VARCHAR2,500,Y
AP_CLASS_TYPE_OVERRIDES,UPDATED_ON,DATE,7,Y
AP_CLASS_TYPE_OVERRIDES,UPDATED_BY,VARCHAR2,500,Y
AP_CLASS_TYPE_OVERRIDES,IS_FOR_OVERKILL,CHAR,1,N
AP_CLASS_VOUCHERS,VOUCHER_ID,NUMBER,22,N
AP_CLASS_VOUCHERS,PERSON_ID,NUMBER,22,N
AP_CLASS_VOUCHERS,SEASON,NUMBER,22,N
AP_CLASS_VOUCHERS,VALUE,NUMBER,22,N
AP_CLASS_VOUCHERS,CREATED_ON,DATE,7,Y
AP_CLASS_VOUCHERS,CREATED_BY,VARCHAR2,500,Y
AP_CLASS_VOUCHERS,UPDATED_ON,DATE,7,Y
AP_CLASS_VOUCHERS,UPDATED_BY,VARCHAR2,500,Y
AP_CLASS_VOUCHERS,CLOSE_ID,NUMBER,22,N
AP_CLASS_VOUCHERS,VOID_CLOSE_ID,NUMBER,22,Y
AP_CLASS_VOUCHERS,SIGNUP_ID,NUMBER,22,Y
AP_CLASS_VOUCHERS,CREATED_ONLINE,CHAR,1,Y
AP_CLASS_WL_RESULTS,SIGNUP_ID,NUMBER,22,N
AP_CLASS_WL_RESULTS,FO_VM_DATETIME,DATE,7,Y
AP_CLASS_WL_RESULTS,WL_RESULT,CHAR,1,N
AP_CLASS_WL_RESULTS,OFFER_EXP_DATETIME,DATE,7,Y
AP_CLASS_WL_RESULTS,FO_ALERT_DATETIME,DATE,7,Y
AP_CLASS_WL_RESULTS,PERMIT_OVERCROWD,CHAR,1,Y
AP_CLASS_WL_RESULTS,CREATED_ON,DATE,7,Y
AP_CLASS_WL_RESULTS,CREATED_BY,VARCHAR2,500,Y
AP_CLASS_WL_RESULTS,UPDATED_ON,DATE,7,Y
AP_CLASS_WL_RESULTS,UPDATED_BY,VARCHAR2,500,Y
BOATS_RATINGS,ASSIGN_ID,NUMBER,22,N
BOATS_RATINGS,BOAT_ID,NUMBER,22,Y
BOATS_RATINGS,PROGRAM_ID,NUMBER,22,Y
BOATS_RATINGS,FLAG,CHAR,1,Y
BOATS_RATINGS,RATING_ID,NUMBER,22,Y
BOATS_RATINGS,CREATED_ON,DATE,7,Y
BOATS_RATINGS,CREATED_BY,VARCHAR2,500,Y
BOATS_RATINGS,UPDATED_ON,DATE,7,Y
BOATS_RATINGS,UPDATED_BY,VARCHAR2,500,Y
BOAT_TYPES,BOAT_ID,NUMBER,22,N
BOAT_TYPES,BOAT_NAME,VARCHAR2,50,Y
BOAT_TYPES,ACTIVE,CHAR,1,Y
BOAT_TYPES,DISPLAY_ORDER,NUMBER,22,Y
BOAT_TYPES,CREATED_ON,DATE,7,Y
BOAT_TYPES,CREATED_BY,VARCHAR2,500,Y
BOAT_TYPES,UPDATED_ON,DATE,7,Y
BOAT_TYPES,UPDATED_BY,VARCHAR2,500,Y
BOAT_TYPES,MIN_CREW,NUMBER,22,Y
BOAT_TYPES,MAX_CREW,NUMBER,22,Y
BOAT_TYPES,IMAGE_FILENAME,VARCHAR2,50,Y
BUDGET_ITEMS,ITEM_ID,NUMBER,22,N
BUDGET_ITEMS,ITEM_NAME,VARCHAR2,200,N
BUDGET_ITEMS,CREATED_ON,DATE,7,Y
BUDGET_ITEMS,CREATED_BY,VARCHAR2,500,Y
BUDGET_ITEMS,UPDATED_ON,DATE,7,Y
BUDGET_ITEMS,UPDATED_BY,VARCHAR2,500,Y
BUDGET_ITEMS,DISPLAY_ORDER,NUMBER,22,Y
CARD_DEFINITIONS,ROW_ID,NUMBER,22,N
CARD_DEFINITIONS,CARD_NUMBER,VARCHAR2,20,Y
CARD_DEFINITIONS,PROGRAM_ID,NUMBER,22,Y
CARD_DEFINITIONS,COMMENTS,VARCHAR2,200,Y
CARD_DEFINITIONS,TYPE_ID,NUMBER,22,Y
CARD_DEFINITION_TYPES,TYPE_ID,NUMBER,22,N
CARD_DEFINITION_TYPES,TYPE_NAME,VARCHAR2,100,Y
CARD_DEFINITION_TYPES,WARN_AT,NUMBER,22,Y
CARD_DISMISSALS,DISMISSAL_ID,NUMBER,22,N
CARD_DISMISSALS,CARD_ASSIGN_ID,NUMBER,22,Y
CARD_DISMISSALS,SEASON,NUMBER,22,Y
CARD_DISMISSALS,CREATED_ON,DATE,7,Y
CARD_DISMISSALS,CREATED_BY,VARCHAR2,500,Y
CARD_DISMISSALS,UPDATED_ON,DATE,7,Y
CARD_DISMISSALS,UPDATED_BY,VARCHAR2,500,Y
CC_ERROR_CODES,ERROR_ID,NUMBER,22,N
CC_ERROR_CODES,ERROR_CODE,VARCHAR2,10,Y
CC_ERROR_CODES,DISPLAY_ERROR_MESSAGE,VARCHAR2,4000,Y
CC_ERROR_CODES,CREATED_ON,DATE,7,Y
CC_ERROR_CODES,CREATED_BY,VARCHAR2,500,Y
CC_ERROR_CODES,UPDATED_ON,DATE,7,Y
CC_ERROR_CODES,UPDATED_BY,VARCHAR2,500,Y
CC_ERROR_CODES,SAGE_ERROR_MESSAGE,VARCHAR2,4000,Y
CC_ERROR_CODES,ERROR_TITLE,VARCHAR2,200,Y
CC_LOG,LOG_ID,NUMBER,22,N
CC_LOG,LOG_DATETIME,DATE,7,Y
CC_LOG,C_NAME,VARCHAR2,500,Y
CC_LOG,C_ADDR,VARCHAR2,500,Y
CC_LOG,C_CITY,VARCHAR2,50,Y
CC_LOG,C_STATE,VARCHAR2,50,Y
CC_LOG,C_ZIP,VARCHAR2,10,Y
CC_LOG,C_COUNTRY,VARCHAR2,100,Y
CC_LOG,C_EMAIL,VARCHAR2,100,Y
CC_LOG,C_CARDNUMBER,VARCHAR2,30,Y
CC_LOG,C_EXP,VARCHAR2,10,Y
CC_LOG,T_AMT,NUMBER,22,Y
CC_LOG,T_CODE,VARCHAR2,5,Y
CC_LOG,T_ORDERNUM,VARCHAR2,20,Y
CC_LOG,T_AUTH,VARCHAR2,50,Y
CC_LOG,T_REFERENCE,VARCHAR2,50,Y
CC_LOG,RESPONSE,VARCHAR2,200,Y
CC_LOG,R_APPROV,CHAR,1,Y
CC_LOG,R_CODE,VARCHAR2,10,Y
CC_LOG,R_MESSAGE,VARCHAR2,50,Y
CC_LOG,R_CVV,CHAR,1,Y
CC_LOG,R_AVS,CHAR,1,Y
CC_LOG,R_RISK,VARCHAR2,50,Y
CC_LOG,R_REFERENCE,VARCHAR2,100,Y
CC_LOG,R_ORDERNUMBER,VARCHAR2,100,Y
CC_LOG,CREATED_ON,DATE,7,Y
CC_LOG,CREATED_BY,VARCHAR2,500,Y
CC_LOG,UPDATED_ON,DATE,7,Y
CC_LOG,UPDATED_BY,VARCHAR2,500,Y
CLASS_INSTRUCTORS,INSTRUCTOR_ID,NUMBER,22,N
CLASS_INSTRUCTORS,NAME_FIRST,VARCHAR2,100,Y
CLASS_INSTRUCTORS,NAME_LAST,VARCHAR2,100,Y
CLASS_INSTRUCTORS,CREATED_ON,DATE,7,Y
CLASS_INSTRUCTORS,CREATED_BY,VARCHAR2,500,Y
CLASS_INSTRUCTORS,UPDATED_ON,DATE,7,Y
CLASS_INSTRUCTORS,UPDATED_BY,VARCHAR2,500,Y
CLASS_INSTRUCTORS,ACTIVE,CHAR,1,Y
CLASS_LOCATIONS,LOCATION_ID,NUMBER,22,N
CLASS_LOCATIONS,LOCATION_NAME,VARCHAR2,100,Y
CLASS_LOCATIONS,ACTIVE,CHAR,1,Y
CLASS_LOCATIONS,CREATED_ON,DATE,7,Y
CLASS_LOCATIONS,CREATED_BY,VARCHAR2,500,Y
CLASS_LOCATIONS,UPDATED_ON,DATE,7,Y
CLASS_LOCATIONS,UPDATED_BY,VARCHAR2,500,Y
COMMENTS_COLUMNS,COLUMN_ID,NUMBER,22,N
COMMENTS_COLUMNS,COLUMN_NAME,VARCHAR2,50,Y
COMMENTS_COLUMNS,COMMENT_TEXT,CLOB,4000,Y
COMMENTS_COLUMNS,TABLE_ID,NUMBER,22,N
COMMENTS_TABLES,TABLE_ID,NUMBER,22,N
COMMENTS_TABLES,TABLE_NAME,VARCHAR2,50,Y
COMMENTS_TABLES,COMMENT_TEXT,CLOB,4000,Y
CONST_CONT_2014_06_23,ID,NUMBER,22,N
CONST_CONT_2014_06_23,FIRST_NAME,VARCHAR2,100,Y
CONST_CONT_2014_06_23,LAST_NAME,VARCHAR2,100,Y
CONST_CONT_2014_06_23,COMPANY,VARCHAR2,100,Y
CONST_CONT_2014_06_23,JOB_TITLE,VARCHAR2,100,Y
CONST_CONT_2014_06_23,EMAIL_ADDRESS___HOME,VARCHAR2,500,Y
CONST_CONT_2014_06_23,EMAIL_ADDRESS___OTHER,VARCHAR2,500,Y
CONST_CONT_2014_06_23,STREET_ADDRESS_LINE_1___HOME,VARCHAR2,500,Y
CONST_CONT_2014_06_23,CITY___HOME,VARCHAR2,50,Y
CONST_CONT_2014_06_23,STATEPROVINCE___HOME,VARCHAR2,50,Y
CONST_CONT_2014_06_23,ZIPPOSTAL_CODE___HOME,VARCHAR2,50,Y
CONST_CONT_2014_06_23,COUNTRY___HOME,VARCHAR2,50,Y
CONST_CONT_2014_06_23,STREET_ADDRESS_LINE_1___WORK,VARCHAR2,50,Y
CONST_CONT_2014_06_23,CITY___WORK,VARCHAR2,50,Y
CONST_CONT_2014_06_23,STATEPROVINCE___WORK,VARCHAR2,50,Y
CONST_CONT_2014_06_23,ZIPPOSTAL_CODE___WORK,VARCHAR2,50,Y
CONST_CONT_2014_06_23,COUNTRY___WORK,VARCHAR2,50,Y
CONST_CONT_2014_06_23,CUSTOM_FIELD_1,VARCHAR2,500,Y
CONST_CONT_2014_06_23,CUSTOM_FIELD_2,VARCHAR2,50,Y
CONST_CONT_2014_06_23,CUSTOM_FIELD_3,VARCHAR2,50,Y
CONST_CONT_2014_06_23,EMAIL_LISTS,VARCHAR2,500,Y
CONST_CONT_2014_06_23,SOURCE_NAME,VARCHAR2,100,Y
CONST_CONT_2014_06_23,CREATED_AT,VARCHAR2,30,Y
CONST_CONT_2014_06_23,UPDATED_AT,VARCHAR2,30,Y
CORP_ATTEND_2013,ID,NUMBER,22,N
CORP_ATTEND_2013,NAME,VARCHAR2,30,Y
CORP_ATTEND_2013,PERSON_ID,NUMBER,22,Y
COUNTRIES,COUNTRY_ID,NUMBER,22,N
COUNTRIES,ABBREV,VARCHAR2,30,Y
COUNTRIES,COUNTRY_NAME,VARCHAR2,500,Y
DAMAGE_WAIVERS,WAIVER_ID,NUMBER,22,N
DAMAGE_WAIVERS,PERSON_ID,NUMBER,22,N
DAMAGE_WAIVERS,ORDER_ID,NUMBER,22,Y
DAMAGE_WAIVERS,PRICE,NUMBER,22,Y
DAMAGE_WAIVERS,PURCHASE_DATE,DATE,7,Y
DAMAGE_WAIVERS,START_DATE,DATE,7,Y
DAMAGE_WAIVERS,EXPIRATION_DATE,DATE,7,Y
DAMAGE_WAIVERS,CREATED_ON,DATE,7,Y
DAMAGE_WAIVERS,CREATED_BY,VARCHAR2,500,Y
DAMAGE_WAIVERS,UPDATED_ON,DATE,7,Y
DAMAGE_WAIVERS,UPDATED_BY,VARCHAR2,500,Y
DAMAGE_WAIVERS,CLOSE_ID,NUMBER,22,Y
DAMAGE_WAIVERS,CC_TRANS_NUM,NUMBER,22,Y
DAMAGE_WAIVERS,PAYMENT_LOCATION,VARCHAR2,100,Y
DAMAGE_WAIVERS,PAYMENT_MEDIUM,VARCHAR2,100,Y
DAMAGE_WAIVERS,VOID_CLOSE_ID,NUMBER,22,Y
DATETIME_RANGES,RANGE_ID,NUMBER,22,N
DATETIME_RANGES,RANGE_TYPE,VARCHAR2,50,N
DATETIME_RANGES,START_DATETIME,DATE,7,N
DATETIME_RANGES,END_DATETIME,DATE,7,N
DEVELOPER_SESSIONS,ROW_ID,NUMBER,22,N
DEVELOPER_SESSIONS,USER_NAME,VARCHAR2,50,N
DEVELOPER_SESSIONS,SESSION_ID,NUMBER,22,N
DEVELOPER_SESSIONS,VIEW_DATE,DATE,7,N
DH_GLOBALS,GLOBAL_ID,NUMBER,22,N
DH_GLOBALS,DESCRIPTION,VARCHAR2,4000,Y
DH_GLOBALS,CREATED_ON,DATE,7,Y
DH_GLOBALS,CREATED_BY,VARCHAR2,500,Y
DH_GLOBALS,UPDATED_ON,DATE,7,Y
DH_GLOBALS,UPDATED_BY,VARCHAR2,500,Y
DH_GLOBALS,ALIAS,VARCHAR2,20,Y
DISCOUNTS,DISCOUNT_ID,NUMBER,22,N
DISCOUNTS,CATEGORY_ID,NUMBER,22,N
DISCOUNTS,DISCOUNT_NAME,VARCHAR2,100,N
DISCOUNTS,CREATED_ON,DATE,7,Y
DISCOUNTS,CREATED_BY,VARCHAR2,500,Y
DISCOUNTS,UPDATED_ON,DATE,7,Y
DISCOUNTS,UPDATED_BY,VARCHAR2,500,Y
DISCOUNTS,ALERT_ON_CLOSE,CHAR,1,Y
DISCOUNT_CATEGORIES,CATEGORY_ID,NUMBER,22,N
DISCOUNT_CATEGORIES,CATEGORY_NAME,VARCHAR2,100,Y
DISCOUNT_CATEGORIES,CREATED_ON,DATE,7,Y
DISCOUNT_CATEGORIES,CREATED_BY,VARCHAR2,500,Y
DISCOUNT_CATEGORIES,UPDATED_ON,DATE,7,Y
DISCOUNT_CATEGORIES,UPDATED_BY,VARCHAR2,500,Y
DISCOUNT_CODES,CODE_ID,NUMBER,22,N
DISCOUNT_CODES,EMAIL,VARCHAR2,500,N
DISCOUNT_CODES,DISCOUNT_ID,NUMBER,22,N
DISCOUNT_CODES,CREATED_ON,DATE,7,Y
DISCOUNT_CODES,CREATED_BY,VARCHAR2,500,Y
DISCOUNT_CODES,UPDATED_ON,DATE,7,Y
DISCOUNT_CODES,UPDATED_BY,VARCHAR2,500,Y
DISCOUNT_CODES,CODE,VARCHAR2,50,N
DISCOUNT_CODES,NAME,VARCHAR2,500,Y
DISCOUNT_INSTANCES,INSTANCE_ID,NUMBER,22,N
DISCOUNT_INSTANCES,DISCOUNT_ID,NUMBER,22,N
DISCOUNT_INSTANCES,NAME_OVERRIDE,VARCHAR2,100,Y
DISCOUNT_INSTANCES,START_ACTIVE,DATE,7,Y
DISCOUNT_INSTANCES,END_ACTIVE,DATE,7,Y
DISCOUNT_INSTANCES,UNIVERSAL_CODE,VARCHAR2,100,Y
DISCOUNT_INSTANCES,IS_CASE_SENSITIVE,CHAR,1,Y
DISCOUNT_INSTANCES,CREATED_ON,DATE,7,Y
DISCOUNT_INSTANCES,CREATED_BY,VARCHAR2,500,Y
DISCOUNT_INSTANCES,UPDATED_ON,DATE,7,Y
DISCOUNT_INSTANCES,UPDATED_BY,VARCHAR2,500,Y
DISCOUNT_INSTANCES,EMAIL_REGEXP,VARCHAR2,500,Y
DISCOUNT_INSTANCE_LEVELS,LEVEL_ID,NUMBER,22,N
DISCOUNT_INSTANCE_LEVELS,INSTANCE_ID,NUMBER,22,Y
DISCOUNT_INSTANCE_LEVELS,DISCOUNT_AMT,NUMBER,22,Y
DISCOUNT_INSTANCE_LEVELS,CREATED_ON,DATE,7,Y
DISCOUNT_INSTANCE_LEVELS,CREATED_BY,VARCHAR2,500,Y
DISCOUNT_INSTANCE_LEVELS,UPDATED_ON,DATE,7,Y
DISCOUNT_INSTANCE_LEVELS,UPDATED_BY,VARCHAR2,500,Y
DISCOUNT_MAPPING,OLD_DISCOUNT_ID,NUMBER,22,N
DISCOUNT_MAPPING,INSTANCE_ID,NUMBER,22,Y
DOCK_REPORTS,DOCK_REPORT_ID,NUMBER,22,N
DOCK_REPORTS,REPORT_DATE,DATE,7,Y
DOCK_REPORTS,SUNSET_DATETIME,DATE,7,Y
DOCK_REPORTS,INCIDENTS_NOTES,VARCHAR2,4000,Y
DOCK_REPORTS,ANNOUNCEMENTS,VARCHAR2,4000,Y
DOCK_REPORTS,SEMI_PERMANENT_RESTRICTIONS,VARCHAR2,4000,Y
DOCK_REPORTS,CREATED_ON,DATE,7,Y
DOCK_REPORTS,CREATED_BY,VARCHAR2,100,Y
DOCK_REPORTS,UPDATED_ON,DATE,7,Y
DOCK_REPORTS,UPDATED_BY,VARCHAR2,100,Y
DOCK_REPORTS,SIGNED_BY,NUMBER,22,Y
DOCK_REPORT_AP_CLASSES,DOCK_REPORT_AP_CLASS_ID,NUMBER,22,N
DOCK_REPORT_AP_CLASSES,DOCK_REPORT_ID,NUMBER,22,N
DOCK_REPORT_AP_CLASSES,AP_INSTANCE_ID,NUMBER,22,Y
DOCK_REPORT_AP_CLASSES,CLASS_NAME,VARCHAR2,100,Y
DOCK_REPORT_AP_CLASSES,CLASS_DATETIME,DATE,7,Y
DOCK_REPORT_AP_CLASSES,LOCATION,VARCHAR2,50,Y
DOCK_REPORT_AP_CLASSES,INSTRUCTOR,VARCHAR2,50,Y
DOCK_REPORT_AP_CLASSES,ATTEND,NUMBER,22,Y
DOCK_REPORT_AP_CLASSES,CREATED_ON,DATE,7,Y
DOCK_REPORT_AP_CLASSES,CREATED_BY,VARCHAR2,100,Y
DOCK_REPORT_AP_CLASSES,UPDATED_ON,DATE,7,Y
DOCK_REPORT_AP_CLASSES,UPDATED_BY,VARCHAR2,100,Y
DOCK_REPORT_HULL_COUNTS,DOCK_REPORT_HULL_CT_ID,NUMBER,22,N
DOCK_REPORT_HULL_COUNTS,DOCK_REPORT_ID,NUMBER,22,N
DOCK_REPORT_HULL_COUNTS,HULL_TYPE,VARCHAR2,50,Y
DOCK_REPORT_HULL_COUNTS,IN_SERVICE,NUMBER,22,Y
DOCK_REPORT_HULL_COUNTS,STAFF_TALLY,NUMBER,22,Y
DOCK_REPORT_HULL_COUNTS,CREATED_ON,DATE,7,Y
DOCK_REPORT_HULL_COUNTS,CREATED_BY,VARCHAR2,100,Y
DOCK_REPORT_HULL_COUNTS,UPDATED_ON,DATE,7,Y
DOCK_REPORT_HULL_COUNTS,UPDATED_BY,VARCHAR2,100,Y
DOCK_REPORT_STAFF,DOCK_REPORT_STAFF_ID,NUMBER,22,N
DOCK_REPORT_STAFF,DOCK_REPORT_ID,NUMBER,22,N
DOCK_REPORT_STAFF,DOCKMASTER_ON_DUTY,CHAR,1,Y
DOCK_REPORT_STAFF,STAFF_NAME,VARCHAR2,100,Y
DOCK_REPORT_STAFF,TIME_IN,DATE,7,Y
DOCK_REPORT_STAFF,TIME_OUT,DATE,7,Y
DOCK_REPORT_STAFF,CREATED_ON,DATE,7,Y
DOCK_REPORT_STAFF,CREATED_BY,VARCHAR2,100,Y
DOCK_REPORT_STAFF,UPDATED_ON,DATE,7,Y
DOCK_REPORT_STAFF,UPDATED_BY,VARCHAR2,100,Y
DOCK_REPORT_UAP_APPTS,DOCK_REPORT_APPT_ID,NUMBER,22,N
DOCK_REPORT_UAP_APPTS,DOCK_REPORT_ID,NUMBER,22,N
DOCK_REPORT_UAP_APPTS,APPT_DATETIME,DATE,7,Y
DOCK_REPORT_UAP_APPTS,APPT_TYPE,VARCHAR2,50,Y
DOCK_REPORT_UAP_APPTS,PARTICIPANT_NAME,VARCHAR2,150,Y
DOCK_REPORT_UAP_APPTS,BOAT_TYPE_ID,NUMBER,22,Y
DOCK_REPORT_UAP_APPTS,INSTRUCTOR_NAME,VARCHAR2,100,Y
DOCK_REPORT_UAP_APPTS,CREATED_ON,DATE,7,Y
DOCK_REPORT_UAP_APPTS,CREATED_BY,VARCHAR2,100,Y
DOCK_REPORT_UAP_APPTS,UPDATED_ON,DATE,7,Y
DOCK_REPORT_UAP_APPTS,UPDATED_BY,VARCHAR2,100,Y
DOCK_REPORT_UAP_APPTS,HOYER,CHAR,1,Y
DOCK_REPORT_WEATHER,WEATHER_ID,NUMBER,22,N
DOCK_REPORT_WEATHER,DOCK_REPORT_ID,NUMBER,22,N
DOCK_REPORT_WEATHER,WEATHER_DATETIME,DATE,7,Y
DOCK_REPORT_WEATHER,TEMP,NUMBER,22,Y
DOCK_REPORT_WEATHER,WEATHER_SUMMARY,VARCHAR2,50,Y
DOCK_REPORT_WEATHER,WIND_DIR,VARCHAR2,5,Y
DOCK_REPORT_WEATHER,RESTRICTIONS,VARCHAR2,500,Y
DOCK_REPORT_WEATHER,CREATED_ON,DATE,7,Y
DOCK_REPORT_WEATHER,CREATED_BY,VARCHAR2,100,Y
DOCK_REPORT_WEATHER,UPDATED_ON,DATE,7,Y
DOCK_REPORT_WEATHER,UPDATED_BY,VARCHAR2,100,Y
DOCK_REPORT_WEATHER,WIND_SPEED_KTS_STEADY,NUMBER,22,Y
DOCK_REPORT_WEATHER,WIND_SPEED_KTS_GUST,NUMBER,22,Y
DONATIONS,DONATION_ID,NUMBER,22,N
DONATIONS,PERSON_ID,NUMBER,22,Y
DONATIONS,ADDRESS_LINE,VARCHAR2,200,Y
DONATIONS,AMOUNT,NUMBER,22,Y
DONATIONS,DESCRIPTION,VARCHAR2,500,Y
DONATIONS,DONATION_DATE,DATE,7,Y
DONATIONS,IN_KIND,CHAR,1,Y
DONATIONS,RESTRICTION,VARCHAR2,200,Y
DONATIONS,SALUTATION,VARCHAR2,200,Y
DONATIONS,CREATED_ON,DATE,7,Y
DONATIONS,CREATED_BY,VARCHAR2,500,Y
DONATIONS,UPDATED_ON,DATE,7,Y
DONATIONS,UPDATED_BY,VARCHAR2,500,Y
DONATIONS,ORDER_ID,NUMBER,22,Y
DONATIONS,FUND_ID,NUMBER,22,N
DONATIONS,INITIATIVE_ID,NUMBER,22,N
DONATIONS,CLOSE_ID,NUMBER,22,Y
DONATIONS,CC_TRANS_NUM,NUMBER,22,Y
DONATIONS,PAYMENT_LOCATION,VARCHAR2,100,Y
DONATIONS,PAYMENT_MEDIUM,VARCHAR2,100,Y
DONATIONS,VOID_CLOSE_ID,NUMBER,22,Y
DONATIONS,NO_ACK,CHAR,1,Y
DONATIONS,IN_MEMORY_OF,VARCHAR2,500,Y
DONATIONS,IS_MATCH,CHAR,1,Y
DONATIONS,SKIP_ACK,CHAR,1,Y
DONATION_FUNDS,FUND_ID,NUMBER,22,N
DONATION_FUNDS,FUND_NAME,VARCHAR2,100,Y
DONATION_FUNDS,CREATED_ON,DATE,7,Y
DONATION_FUNDS,CREATED_BY,VARCHAR2,500,Y
DONATION_FUNDS,UPDATED_ON,DATE,7,Y
DONATION_FUNDS,UPDATED_BY,VARCHAR2,500,Y
DONATION_FUNDS,ACTIVE,CHAR,1,Y
DONATION_FUNDS,DISPLAY_ORDER,NUMBER,22,Y
DONATION_FUNDS,LETTER_TEXT,VARCHAR2,500,Y
DONATION_FUNDS,SHOW_IN_CHECKOUT,CHAR,1,Y
DONATION_FUNDS,IS_ENDOWMENT,CHAR,1,Y
DONATION_FUNDS,PORTAL_DESCRIPTION,VARCHAR2,2000,Y
DONATION_INITIATIVES,INITIATIVE_ID,NUMBER,22,N
DONATION_INITIATIVES,INITIATIVE_NAME,VARCHAR2,200,Y
DONATION_INITIATIVES,CREATED_ON,DATE,7,Y
DONATION_INITIATIVES,CREATED_BY,VARCHAR2,500,Y
DONATION_INITIATIVES,UPDATED_ON,DATE,7,Y
DONATION_INITIATIVES,UPDATED_BY,VARCHAR2,500,Y
DONATION_INITIATIVES,ACTIVE,CHAR,1,Y
DONATION_INITIATIVES,DISPLAY_ORDER,NUMBER,22,Y
DONATION_SUGGESTIONS,SUGG_ID,NUMBER,22,N
DONATION_SUGGESTIONS,AMOUNT,NUMBER,22,Y
DONATION_SUGGESTIONS,CREATED_ON,DATE,7,Y
DONATION_SUGGESTIONS,CREATED_BY,VARCHAR2,500,Y
DONATION_SUGGESTIONS,UPDATED_ON,DATE,7,Y
DONATION_SUGGESTIONS,UPDATED_BY,VARCHAR2,500,Y
DUPL_ACTION_PREVENTION_RECORDS,ID,NUMBER,22,N
DUPL_ACTION_PREVENTION_RECORDS,KEY,VARCHAR2,100,Y
DUPL_ACTION_PREVENTION_RECORDS,CATEGORY,VARCHAR2,50,Y
DUPL_ACTION_PREVENTION_RECORDS,SUBJECT_SCHEMA,VARCHAR2,50,Y
DUPL_ACTION_PREVENTION_RECORDS,SUBJECT_ID,NUMBER,22,Y
DUPL_ACTION_PREVENTION_RECORDS,DATETIME,DATE,7,Y
DUPL_ACTION_PREVENTION_RECORDS,STATUS,CHAR,1,Y
EII_MIT,ROW_ID,NUMBER,22,N
EII_MIT,ADULTS,NUMBER,22,Y
EII_MIT,CHILDREN,NUMBER,22,Y
EII_MIT,EII,NUMBER,22,Y
EII_MIT,GENERATION,NUMBER,22,Y
EII_MIT,NONWORKING_ADULTS,NUMBER,22,Y
EII_OVERRIDES,PERSON_ID,NUMBER,22,Y
EII_OVERRIDES,SEASON,NUMBER,22,Y
EII_OVERRIDES,PRICE,NUMBER,22,Y
EII_OVERRIDES,CREATED_ON,DATE,7,Y
EII_OVERRIDES,CREATED_BY,VARCHAR2,500,Y
EII_OVERRIDES,UPDATED_ON,DATE,7,Y
EII_OVERRIDES,UPDATED_BY,VARCHAR2,500,Y
EII_OVERRIDES,OVERRIDE_ID,NUMBER,22,N
EII_RESPONSES,RESPONSE_ID,NUMBER,22,N
EII_RESPONSES,PERSON_ID,NUMBER,22,N
EII_RESPONSES,SEASON,NUMBER,22,N
EII_RESPONSES,WORKERS,NUMBER,22,Y
EII_RESPONSES,BENEFITS,CHAR,1,Y
EII_RESPONSES,INFANTS,NUMBER,22,Y
EII_RESPONSES,PRESCHOOLERS,NUMBER,22,Y
EII_RESPONSES,SCHOOLAGERS,NUMBER,22,Y
EII_RESPONSES,TEENAGERS,NUMBER,22,Y
EII_RESPONSES,INCOME,NUMBER,22,Y
EII_RESPONSES,COMPUTED_EII,NUMBER,22,Y
EII_RESPONSES,COMPUTED_PRICE,NUMBER,22,Y
EII_RESPONSES,CREATED_ON,DATE,7,Y
EII_RESPONSES,CREATED_BY,VARCHAR2,500,Y
EII_RESPONSES,UPDATED_ON,DATE,7,Y
EII_RESPONSES,UPDATED_BY,VARCHAR2,500,Y
EII_RESPONSES,IS_APPLYING,CHAR,1,Y
EII_RESPONSES,IS_CURRENT,CHAR,1,N
EII_RESPONSES,PD_COMMENT,CLOB,4000,Y
EII_RESPONSES,STATUS,CHAR,1,Y
EII_RESPONSES,UTILIZED_INFLATION_FACTOR,NUMBER,22,Y
EII_RESPONSES,CHILDREN,NUMBER,22,Y
EII_RESPONSES,NONWORKING_ADULTS,NUMBER,22,Y
EMAIL_CONTENT,CONTENT_ID,NUMBER,22,N
EMAIL_CONTENT,FROM_ADDR,VARCHAR2,100,Y
EMAIL_CONTENT,CC_ADDR,VARCHAR2,500,Y
EMAIL_CONTENT,BCC_ADDR,VARCHAR2,500,Y
EMAIL_CONTENT,SUBJECT,VARCHAR2,200,Y
EMAIL_CONTENT,PLAIN_BODY,VARCHAR2,4000,Y
EMAIL_CONTENT,HTML_BODY,VARCHAR2,4000,Y
EMAIL_CONTENT,DESCRIPTION,VARCHAR2,4000,Y
EMAIL_CONTENT,TITLE,VARCHAR2,50,N
EMAIL_CONTENT,CREATED_ON,DATE,7,Y
EMAIL_CONTENT,CREATED_BY,VARCHAR2,500,Y
EMAIL_CONTENT,UPDATED_ON,DATE,7,Y
EMAIL_CONTENT,UPDATED_BY,VARCHAR2,500,Y
EMAIL_CONTENT,EMAIL_GROUP_ID,NUMBER,22,Y
EMAIL_CONTENT,REC_GROUP_ID,NUMBER,22,Y
EMAIL_CONTENT,HTML_BODY_CLOB,CLOB,4000,Y
EMAIL_CONTENT,FROM_ADDR_NAME,VARCHAR2,100,Y
EMAIL_CONTENT,FROM_ADDR_ONLY,VARCHAR2,100,Y
EMAIL_CONTENT,OPT_OUT_GRP_ID,NUMBER,22,Y
EMAIL_CONTENT,REPLY_TO,VARCHAR2,100,Y
EMAIL_CONTENT,HIDDEN,CHAR,1,Y
EMAIL_CONTENT_GROUPS,GROUP_ID,NUMBER,22,N
EMAIL_CONTENT_GROUPS,GROUP_NAME,VARCHAR2,50,Y
EMAIL_CONTENT_GROUPS,CREATED_ON,DATE,7,Y
EMAIL_CONTENT_GROUPS,CREATED_BY,VARCHAR2,500,Y
EMAIL_CONTENT_GROUPS,UPDATED_ON,DATE,7,Y
EMAIL_CONTENT_GROUPS,UPDATED_BY,VARCHAR2,500,Y
EMAIL_TRACKING,EMAIL_ID,NUMBER,22,N
EMAIL_TRACKING,EMAIL_FROM,VARCHAR2,200,Y
EMAIL_TRACKING,EMAIL_TO,VARCHAR2,200,Y
EMAIL_TRACKING,EMAIL_SUBJ,VARCHAR2,500,Y
EMAIL_TRACKING,EMAIL_PLAIN_BODY,VARCHAR2,4000,Y
EMAIL_TRACKING,EMAIL_HTML_BODY,VARCHAR2,4000,Y
EMAIL_TRACKING,SEND_DATETIME,DATE,7,Y
EMAIL_TRACKING,EMAIL_CC,VARCHAR2,200,Y
EMAIL_TRACKING,EMAIL_BCC,VARCHAR2,200,Y
EMAIL_TRACKING,CREATED_ON,DATE,7,Y
EMAIL_TRACKING,CREATED_BY,VARCHAR2,500,Y
EMAIL_TRACKING,UPDATED_ON,DATE,7,Y
EMAIL_TRACKING,UPDATED_BY,VARCHAR2,500,Y
EMAIL_TRACKING,STATUS,CHAR,1,Y
EMAIL_TRACKING,SENDGRID_JSON,CLOB,4000,Y
EMAIL_TRACKING,RETRY_CT,NUMBER,22,Y
EMAIL_TRACKING,EMAIL_FROM_ADDR_NAME,VARCHAR2,100,Y
EMAIL_TRACKING,EMAIL_FROM_ADDR_ONLY,VARCHAR2,100,Y
EMAIL_TRACKING,OPT_OUT_GRP_ID,NUMBER,22,Y
EMAIL_TRACKING,SENDGRID_RESP,VARCHAR2,20,Y
ERROR_TYPES,TYPE_ID,NUMBER,22,N
ERROR_TYPES,ERROR_MESSAGE,VARCHAR2,4000,Y
ERROR_TYPES,THROW_COUNT,NUMBER,22,Y
ERROR_TYPES,LAST_INSTANCE,DATE,7,Y
EVENTS,EVENT_ID,NUMBER,22,N
EVENTS,EVENT_NAME,VARCHAR2,200,Y
EVENTS,EVENT_DATE,DATE,7,Y
EVENTS,ACTIVE,CHAR,1,Y
EVENTS,CREATED_ON,DATE,7,Y
EVENTS,CREATED_BY,VARCHAR2,500,Y
EVENTS,UPDATED_ON,DATE,7,Y
EVENTS,UPDATED_BY,VARCHAR2,500,Y
EVENTS,DISPLAY_ORDER,NUMBER,22,Y
FEEDBACK,FEEDBACK_ID,NUMBER,22,N
FEEDBACK,APP_ALIAS,VARCHAR2,100,Y
FEEDBACK,APP_PAGE_ID,NUMBER,22,Y
FEEDBACK,DESCRIPTION,CLOB,4000,Y
FEEDBACK,USER_NAME,VARCHAR2,20,Y
FEEDBACK,CREATED_ON,DATE,7,Y
FEEDBACK,CREATED_BY,VARCHAR2,500,Y
FEEDBACK,UPDATED_ON,DATE,7,Y
FEEDBACK,UPDATED_BY,VARCHAR2,500,Y
FEEDBACK,APP_ID,NUMBER,22,Y
FLAGS_GLOBALS,FLAG_ID,NUMBER,22,N
FLAGS_GLOBALS,GLOBAL_ID,NUMBER,22,N
FLAGS_GLOBALS,GLOBAL_VALUE,CHAR,1,Y
FLAGS_GLOBALS,CREATED_ON,DATE,7,Y
FLAGS_GLOBALS,CREATED_BY,VARCHAR2,500,Y
FLAGS_GLOBALS,UPDATED_ON,DATE,7,Y
FLAGS_GLOBALS,UPDATED_BY,VARCHAR2,500,Y
FLAG_CHANGES,CHANGE_ID,NUMBER,22,N
FLAG_CHANGES,FLAG,CHAR,1,N
FLAG_CHANGES,CHANGE_DATETIME,DATE,7,N
FLAG_CHANGES,CREATED_ON,DATE,7,Y
FLAG_CHANGES,CREATED_BY,VARCHAR2,500,Y
FLAG_CHANGES,UPDATED_ON,DATE,7,Y
FLAG_CHANGES,UPDATED_BY,VARCHAR2,500,Y
FLAG_CHANGES,NOTIFICATIONS_SENT,NUMBER,22,Y
FO_APPLIED_GC,ROW_ID,NUMBER,22,N
FO_APPLIED_GC,CLOSE_ID,NUMBER,22,Y
FO_APPLIED_GC,CERT_ID,NUMBER,22,Y
FO_APPLIED_GC,VALUE,NUMBER,22,Y
FO_APPLIED_GC,CREATED_ON,DATE,7,Y
FO_APPLIED_GC,CREATED_BY,VARCHAR2,500,Y
FO_APPLIED_GC,UPDATED_ON,DATE,7,Y
FO_APPLIED_GC,UPDATED_BY,VARCHAR2,500,Y
FO_APPLIED_GC,PM_ASSIGN_ID,NUMBER,22,Y
FO_APPLIED_GC,ORDER_ID,NUMBER,22,Y
FO_APPLIED_GC,VOID_CLOSE_ID,NUMBER,22,Y
FO_AR,AR_ID,NUMBER,22,N
FO_AR,CLOSE_ID,NUMBER,22,N
FO_AR,SOURCE_ID,NUMBER,22,N
FO_AR,VALUE,NUMBER,22,N
FO_AR,CREATED_ON,DATE,7,Y
FO_AR,CREATED_BY,VARCHAR2,500,Y
FO_AR,UPDATED_ON,DATE,7,Y
FO_AR,UPDATED_BY,VARCHAR2,500,Y
FO_AR_SOURCES,SOURCE_ID,NUMBER,22,N
FO_AR_SOURCES,SOURCE_NAME,VARCHAR2,100,N
FO_AR_SOURCES,ACTIVE,CHAR,1,Y
FO_AR_SOURCES,DISPLAY_ORDER,NUMBER,22,Y
FO_AR_SOURCES,CREATED_ON,DATE,7,Y
FO_AR_SOURCES,CREATED_BY,VARCHAR2,500,Y
FO_AR_SOURCES,UPDATED_ON,DATE,7,Y
FO_AR_SOURCES,UPDATED_BY,VARCHAR2,500,Y
FO_AR_SOURCES,IS_ONLINE,CHAR,1,N
FO_AR_SOURCES,READ_ONLY,CHAR,1,Y
FO_CASH,CASH_ID,NUMBER,22,N
FO_CASH,CLOSE_ID,NUMBER,22,N
FO_CASH,LOCATION_INDEX,NUMBER,22,N
FO_CASH,VALUE,NUMBER,22,N
FO_CASH,CREATED_ON,DATE,7,Y
FO_CASH,CREATED_BY,VARCHAR2,500,Y
FO_CASH,UPDATED_ON,DATE,7,Y
FO_CASH,UPDATED_BY,VARCHAR2,500,Y
FO_CASH,DENOM_INDEX,NUMBER,22,N
FO_CASH_DENOMINATIONS,DENOM_INDEX,NUMBER,22,N
FO_CASH_DENOMINATIONS,DENOMINATION,NUMBER,22,N
FO_CASH_DENOMINATIONS,BILL_COIN,CHAR,1,N
FO_CASH_LOCATIONS,LOCATION_INDEX,NUMBER,22,N
FO_CASH_LOCATIONS,LOCATION_NAME_SHORT,VARCHAR2,5,N
FO_CASH_LOCATIONS,LOCATION_NAME_LONG,VARCHAR2,100,Y
FO_CASH_LOCATIONS,OPEN,CHAR,1,N
FO_CHECKS,CHECK_ID,NUMBER,22,N
FO_CHECKS,CLOSE_ID,NUMBER,22,N
FO_CHECKS,VALUE,NUMBER,22,N
FO_CHECKS,CHECK_NUM,VARCHAR2,50,Y
FO_CHECKS,CREATED_ON,DATE,7,Y
FO_CHECKS,CREATED_BY,VARCHAR2,500,Y
FO_CHECKS,UPDATED_ON,DATE,7,Y
FO_CHECKS,UPDATED_BY,VARCHAR2,500,Y
FO_CHECKS,CHECK_NAME,VARCHAR2,500,Y
FO_CHECKS,VOID_CLOSE_ID,NUMBER,22,Y
FO_CHECKS,CHECK_DATE,DATE,7,Y
FO_CLOSES,CLOSE_ID,NUMBER,22,N
FO_CLOSES,CLOSED_DATETIME,DATE,7,Y
FO_CLOSES,CREATED_ON,DATE,7,Y
FO_CLOSES,CREATED_BY,VARCHAR2,500,Y
FO_CLOSES,UPDATED_ON,DATE,7,Y
FO_CLOSES,UPDATED_BY,VARCHAR2,500,Y
FO_CLOSES,BATCH_NET,NUMBER,22,Y
FO_CLOSES,BATCH_NUM,NUMBER,22,Y
FO_CLOSES,ITEM_CT,NUMBER,22,Y
FO_CLOSES,SETTLE_REF,VARCHAR2,20,Y
FO_CLOSES,CLOSED,CHAR,1,Y
FO_CLOSES,TAPE_VALUE,NUMBER,22,Y
FO_CLOSES,NOTES,CLOB,4000,Y
FO_CLOSES,FINALIZED_BY,NUMBER,22,Y
FO_CLOSES,CLOSE_ALIAS,VARCHAR2,100,Y
FO_CLOSES,TALLY_VALUE_AT_CLOSE,NUMBER,22,Y
FO_CLOSES,NEXT_SETTLE_REMINDER_SENT,DATE,7,Y
FO_CLOSES,SETTLED_DATETIME,DATE,7,Y
FO_CLOSES,STRIPE_TALLY_AT_CLOSE,NUMBER,22,Y
FO_CLOSE_USERS,CLOSE_ID,NUMBER,22,N
FO_CLOSE_USERS,USER_ID,NUMBER,22,N
FO_CLOSE_USERS,OPEN_CLOSE,CHAR,1,N
FO_CLOSE_USERS,CREATED_ON,DATE,7,Y
FO_CLOSE_USERS,CREATED_BY,VARCHAR2,500,Y
FO_CLOSE_USERS,UPDATED_ON,DATE,7,Y
FO_CLOSE_USERS,UPDATED_BY,VARCHAR2,500,Y
FO_CURRENT_CLOSES,ROW_ID,NUMBER,22,N
FO_CURRENT_CLOSES,IN_PERSON_ID,NUMBER,22,N
FO_CURRENT_CLOSES,ONLINE_ID,NUMBER,22,N
FO_ITEMS,ROW_ID,NUMBER,22,N
FO_ITEMS,ITEM_ID,NUMBER,22,Y
FO_ITEMS,CLOSE_ID,NUMBER,22,Y
FO_ITEMS,UNIT_PRICE,NUMBER,22,Y
FO_ITEMS,DISCOUNTS_TOTAL,NUMBER,22,Y
FO_ITEMS,QTY_SOLD,NUMBER,22,Y
FO_ITEMS,QTY_COMPED,NUMBER,22,Y
FO_ITEMS,CREATED_ON,DATE,7,Y
FO_ITEMS,CREATED_BY,VARCHAR2,500,Y
FO_ITEMS,UPDATED_ON,DATE,7,Y
FO_ITEMS,UPDATED_BY,VARCHAR2,500,Y
FO_ITEMS,TAX_RATE,NUMBER,22,Y
FO_ITEMS_LOOKUP,ITEM_ID,NUMBER,22,N
FO_ITEMS_LOOKUP,CATEGORY_ID,NUMBER,22,Y
FO_ITEMS_LOOKUP,ITEM_NAME,VARCHAR2,200,Y
FO_ITEMS_LOOKUP,CREATED_ON,DATE,7,Y
FO_ITEMS_LOOKUP,CREATED_BY,VARCHAR2,500,Y
FO_ITEMS_LOOKUP,UPDATED_ON,DATE,7,Y
FO_ITEMS_LOOKUP,UPDATED_BY,VARCHAR2,500,Y
FO_ITEMS_LOOKUP,ACTIVE,CHAR,1,Y
FO_ITEMS_LOOKUP,DISPLAY_ORDER,NUMBER,22,Y
FO_ITEMS_LOOKUP,CURRENT_PRICE,NUMBER,22,N
FO_ITEMS_LOOKUP,REG_CODE_ROW_ID,NUMBER,22,Y
FO_ITEMS_LOOKUP,TAXABLE,CHAR,1,Y
FO_ITEM_CATEGORIES,CATEGORY_ID,NUMBER,22,N
FO_ITEM_CATEGORIES,CATEGORY_NAME,VARCHAR2,100,Y
FO_ITEM_CATEGORIES,CREATED_ON,DATE,7,Y
FO_ITEM_CATEGORIES,CREATED_BY,VARCHAR2,500,Y
FO_ITEM_CATEGORIES,UPDATED_ON,DATE,7,Y
FO_ITEM_CATEGORIES,UPDATED_BY,VARCHAR2,500,Y
FO_ITEM_TYPES,ROW_ID,NUMBER,22,N
FO_ITEM_TYPES,TYPE_ID,NUMBER,22,Y
FO_ITEM_TYPES,CLOSE_ID,NUMBER,22,Y
FO_ITEM_TYPES,DISCOUNTS_TOTAL,NUMBER,22,Y
FO_ITEM_TYPES,QTY_SOLD,NUMBER,22,Y
FO_ITEM_TYPES,QTY_COMPED,NUMBER,22,Y
FO_ITEM_TYPES,CREATED_ON,DATE,7,Y
FO_ITEM_TYPES,CREATED_BY,VARCHAR2,500,Y
FO_ITEM_TYPES,UPDATED_ON,DATE,7,Y
FO_ITEM_TYPES,UPDATED_BY,VARCHAR2,500,Y
FO_ITEM_TYPES,UNIT_PRICE,NUMBER,22,Y
FO_ITEM_TYPES,TAX_RATE,NUMBER,22,Y
FO_ITEM_TYPES_LOOKUP,TYPE_ID,NUMBER,22,N
FO_ITEM_TYPES_LOOKUP,ITEM_ID,NUMBER,22,Y
FO_ITEM_TYPES_LOOKUP,DESCRIPTION,VARCHAR2,100,Y
FO_ITEM_TYPES_LOOKUP,CREATED_ON,DATE,7,Y
FO_ITEM_TYPES_LOOKUP,CREATED_BY,VARCHAR2,500,Y
FO_ITEM_TYPES_LOOKUP,UPDATED_ON,DATE,7,Y
FO_ITEM_TYPES_LOOKUP,UPDATED_BY,VARCHAR2,500,Y
FO_ITEM_TYPES_LOOKUP,ACTIVE,CHAR,1,Y
FO_ITEM_TYPES_LOOKUP,DISPLAY_ORDER,NUMBER,22,Y
FO_MISC,ROW_ID,NUMBER,22,N
FO_MISC,ITEM_ID,NUMBER,22,Y
FO_MISC,CLOSE_ID,NUMBER,22,Y
FO_MISC,QTY_SOLD,NUMBER,22,Y
FO_MISC,TOTAL_PRICE,NUMBER,22,Y
FO_MISC,CREATED_ON,DATE,7,Y
FO_MISC,CREATED_BY,VARCHAR2,500,Y
FO_MISC,UPDATED_ON,DATE,7,Y
FO_MISC,UPDATED_BY,VARCHAR2,500,Y
FO_MISC,QTY_COMPED,NUMBER,22,Y
FO_MISC,TOTAL_COMP,NUMBER,22,Y
FO_MISC,TAX_RATE,NUMBER,22,Y
FO_MISC,TOTAL_PRETAX,NUMBER,22,Y
FO_MISC_LOOKUP,ITEM_ID,NUMBER,22,N
FO_MISC_LOOKUP,ITEM_NAME,VARCHAR2,200,Y
FO_MISC_LOOKUP,ACTIVE,CHAR,1,Y
FO_MISC_LOOKUP,DISPLAY_ORDER,NUMBER,22,Y
FO_MISC_LOOKUP,REG_CODE_ROW_ID,NUMBER,22,Y
FO_MISC_LOOKUP,CREATED_ON,DATE,7,Y
FO_MISC_LOOKUP,CREATED_BY,VARCHAR2,500,Y
FO_MISC_LOOKUP,UPDATED_ON,DATE,7,Y
FO_MISC_LOOKUP,UPDATED_BY,VARCHAR2,500,Y
FO_MISC_LOOKUP,TAXABLE,CHAR,1,Y
FO_PARKING,CLOSE_ID,NUMBER,22,N
FO_PARKING,OPEN_CT,NUMBER,22,Y
FO_PARKING,CLOSE_CT,NUMBER,22,Y
FO_PARKING,CHANGE_CT,NUMBER,22,Y
FO_PARKING,CREATED_ON,DATE,7,Y
FO_PARKING,CREATED_BY,VARCHAR2,500,Y
FO_PARKING,UPDATED_ON,DATE,7,Y
FO_PARKING,UPDATED_BY,VARCHAR2,500,Y
FO_PARKING,COMP_CT,NUMBER,22,Y
FO_PARKING,UNIT_PRICE,NUMBER,22,N
GIFT_CERTIFICATES,CERT_ID,NUMBER,22,N
GIFT_CERTIFICATES,CERT_NUMBER,VARCHAR2,50,N
GIFT_CERTIFICATES,CREATED_ON,DATE,7,Y
GIFT_CERTIFICATES,CREATED_BY,VARCHAR2,500,Y
GIFT_CERTIFICATES,UPDATED_ON,DATE,7,Y
GIFT_CERTIFICATES,UPDATED_BY,VARCHAR2,500,Y
GIFT_CERTIFICATES,REDEMPTION_HASH,VARCHAR2,50,Y
GIFT_CERTIFICATES,REDEMPTION_CODE,VARCHAR2,20,Y
GIFT_CERTS_DISCOUNTS,ASSIGN_ID,NUMBER,22,N
GIFT_CERTS_DISCOUNTS,TYPE_ID,NUMBER,22,Y
GIFT_CERTS_DISCOUNTS,INSTANCE_ID,NUMBER,22,N
GIFT_CERTS_DISCOUNTS,DISCOUNT_AMT,NUMBER,22,Y
GIFT_CERTS_DISCOUNTS,AVAILABLE_ONLINE,CHAR,1,Y
GIFT_CERTS_DISCOUNTS,FIXED_COST_THRESHOLD,NUMBER,22,Y
GIFT_CERTS_DISCOUNTS,LIMIT,NUMBER,22,Y
GIFT_CERT_PURCHASES,CERT_ID,NUMBER,22,Y
GIFT_CERT_PURCHASES,PURCHASE_DATE,DATE,7,Y
GIFT_CERT_PURCHASES,PURCHASE_PRICE,NUMBER,22,Y
GIFT_CERT_PURCHASES,PURCHASE_CLOSE_ID,NUMBER,22,Y
GIFT_CERT_PURCHASES,PURCHASE_ORDER_ID,NUMBER,22,Y
GIFT_CERT_PURCHASES,PURCHASE_MEM_TYPE_ID,NUMBER,22,Y
GIFT_CERT_PURCHASES,RECIPIENT_NAME_FIRST,VARCHAR2,100,Y
GIFT_CERT_PURCHASES,RECIPIENT_NAME_LAST,VARCHAR2,100,Y
GIFT_CERT_PURCHASES,RECIPIENT_EMAIL,VARCHAR2,500,Y
GIFT_CERT_PURCHASES,RECIPIENT_ADDR_1,VARCHAR2,100,Y
GIFT_CERT_PURCHASES,RECIPIENT_ADDR_2,VARCHAR2,100,Y
GIFT_CERT_PURCHASES,RECIPIENT_CITY,VARCHAR2,50,Y
GIFT_CERT_PURCHASES,RECIPIENT_STATE,VARCHAR2,5,Y
GIFT_CERT_PURCHASES,RECIPIENT_ZIP,VARCHAR2,20,Y
GIFT_CERT_PURCHASES,CREATED_ON,DATE,7,Y
GIFT_CERT_PURCHASES,CREATED_BY,VARCHAR2,500,Y
GIFT_CERT_PURCHASES,UPDATED_ON,DATE,7,Y
GIFT_CERT_PURCHASES,UPDATED_BY,VARCHAR2,500,Y
GIFT_CERT_PURCHASES,FO_MADE_DATETIME,DATE,7,Y
GIFT_CERT_PURCHASES,PURCHASER_ID,NUMBER,22,Y
GIFT_CERT_PURCHASES,DELIVERY_METHOD,CHAR,1,N
GIFT_CERT_PURCHASES,MESSAGE,CLOB,4000,Y
GIFT_CERT_PURCHASES,PURCHASE_ID,NUMBER,22,N
GIFT_CERT_PURCHASES,WHOSE_ADDR,CHAR,1,Y
GIFT_CERT_PURCHASES,EXPIRATION_DATE,DATE,7,N
GIFT_CERT_PURCHASES,DISCOUNT_INSTANCE_ID,NUMBER,22,Y
GIFT_CERT_PURCHASES,PURCHASE_VALUE,NUMBER,22,Y
GIFT_CERT_PURCHASES,FO_MADE_BY,VARCHAR2,50,Y
GIFT_CERT_PURCHASES,SOLD_BY,VARCHAR2,50,Y
GIFT_CERT_PURCHASES,WHOSE_EMAIL,CHAR,1,Y
GIFT_CERT_PURCHASES,VOID_CLOSE_ID,NUMBER,22,Y
GIFT_CERT_PURCHASES,DISCOUNT_AMT,NUMBER,22,Y
GIFT_CERT_STATES,STATE_ID,NUMBER,22,N
GIFT_CERT_STATES,CERT_ID,NUMBER,22,Y
GIFT_CERT_STATES,STATE_DATE,DATE,7,Y
GIFT_CERT_STATES,OWNER_PERSON_ID,NUMBER,22,Y
GIFT_CERT_STATES,MEMBERSHIP_TYPE_ID,NUMBER,22,Y
GIFT_CERT_STATES,VALUE,NUMBER,22,Y
GIFT_CERT_STATES,CREATED_ON,DATE,7,Y
GIFT_CERT_STATES,CREATED_BY,VARCHAR2,500,Y
GIFT_CERT_STATES,UPDATED_ON,DATE,7,Y
GIFT_CERT_STATES,UPDATED_BY,VARCHAR2,500,Y
GLOBAL_CONSTANTS,CONSTANT_ID,NUMBER,22,N
GLOBAL_CONSTANTS,CONSTANT_NAME,VARCHAR2,100,N
GLOBAL_CONSTANTS,DATA_TYPE,NUMBER,22,N
GLOBAL_CONSTANTS,CREATED_ON,DATE,7,Y
GLOBAL_CONSTANTS,CREATED_BY,VARCHAR2,500,Y
GLOBAL_CONSTANTS,UPDATED_ON,DATE,7,Y
GLOBAL_CONSTANTS,UPDATED_BY,VARCHAR2,500,Y
GLOBAL_CONSTANTS_VALUES,VALUE_ID,NUMBER,22,N
GLOBAL_CONSTANTS_VALUES,CONSTANT_ID,NUMBER,22,Y
GLOBAL_CONSTANTS_VALUES,EFFECTIVE_DATETIME,DATE,7,Y
GLOBAL_CONSTANTS_VALUES,CREATED_ON,DATE,7,Y
GLOBAL_CONSTANTS_VALUES,CREATED_BY,VARCHAR2,500,Y
GLOBAL_CONSTANTS_VALUES,UPDATED_ON,DATE,7,Y
GLOBAL_CONSTANTS_VALUES,UPDATED_BY,VARCHAR2,500,Y
GLOBAL_CONSTANTS_VALUES,VALUE_NUMBER,NUMBER,22,Y
GLOBAL_CONSTANTS_VALUES,VALUE_DATE,DATE,7,Y
GLOBAL_CONSTANT_DATA_TYPES,TYPE_ID,NUMBER,22,N
GLOBAL_CONSTANT_DATA_TYPES,TYPE_NAME,VARCHAR2,50,Y
GUEST_PRIVS,ORDER_ID,NUMBER,22,Y
GUEST_PRIVS,PRICE,NUMBER,22,Y
GUEST_PRIVS,PURCHASE_DATE,DATE,7,Y
GUEST_PRIVS,START_DATE,DATE,7,Y
GUEST_PRIVS,CLOSE_ID,NUMBER,22,Y
GUEST_PRIVS,VOID_CLOSE_ID,NUMBER,22,Y
GUEST_PRIVS,PAYMENT_LOCATION,VARCHAR2,50,Y
GUEST_PRIVS,PAYMENT_MEDIUM,VARCHAR2,50,Y
GUEST_PRIVS,CC_TRANS_NUM,NUMBER,22,Y
GUEST_PRIVS,CREATED_ON,DATE,7,Y
GUEST_PRIVS,CREATED_BY,VARCHAR2,500,Y
GUEST_PRIVS,UPDATED_ON,DATE,7,Y
GUEST_PRIVS,UPDATED_BY,VARCHAR2,500,Y
GUEST_PRIVS,MEMBERSHIP_ID,NUMBER,22,N
HIGH_SCHOOLS,SCHOOL_ID,NUMBER,22,N
HIGH_SCHOOLS,SCHOOL_NAME,VARCHAR2,200,Y
HIGH_SCHOOLS,CREATED_ON,DATE,7,Y
HIGH_SCHOOLS,CREATED_BY,VARCHAR2,500,Y
HIGH_SCHOOLS,UPDATED_ON,DATE,7,Y
HIGH_SCHOOLS,UPDATED_BY,VARCHAR2,500,Y
HIGH_SCHOOLS,ACTIVE,CHAR,1,Y
HIGH_SCHOOLS,DISPLAY_ORDER,NUMBER,22,Y
HIGH_SCHOOL_FEES,ROW_ID,NUMBER,22,N
HIGH_SCHOOL_FEES,SCHOOL_ID,NUMBER,22,N
HIGH_SCHOOL_FEES,YEAR,NUMBER,22,N
HIGH_SCHOOL_FEES,SPRING_FALL,CHAR,1,N
HIGH_SCHOOL_FEES,AMOUNT,NUMBER,22,Y
HIGH_SCHOOL_FEES,CLOSE_ID,NUMBER,22,Y
HIGH_SCHOOL_FEES,VOID_CLOSE_ID,NUMBER,22,Y
HIGH_SCHOOL_FEES,CREATED_ON,DATE,7,Y
HIGH_SCHOOL_FEES,CREATED_BY,VARCHAR2,50,Y
HIGH_SCHOOL_FEES,UPDATED_ON,DATE,7,Y
HIGH_SCHOOL_FEES,UPDATED_BY,VARCHAR2,50,Y
HIGH_SCHOOL_PAYMENTS,PAYMENT_ID,NUMBER,22,N
HIGH_SCHOOL_PAYMENTS,SCHOOL_ID,NUMBER,22,N
HIGH_SCHOOL_PAYMENTS,AMOUNT,NUMBER,22,N
HIGH_SCHOOL_PAYMENTS,CLOSE_ID,NUMBER,22,N
HIGH_SCHOOL_PAYMENTS,VOID_CLOSE_ID,NUMBER,22,Y
HIGH_SCHOOL_PAYMENTS,CREATED_ON,DATE,7,Y
HIGH_SCHOOL_PAYMENTS,CREATED_BY,VARCHAR2,50,Y
HIGH_SCHOOL_PAYMENTS,UPDATED_ON,DATE,7,Y
HIGH_SCHOOL_PAYMENTS,UPDATED_BY,VARCHAR2,50,Y
HIGH_SCHOOL_PAYMENTS,PAYMENT_MEDIUM,VARCHAR2,50,Y
HIGH_SCHOOL_PAYMENTS,CC_TRANS_NUM,NUMBER,22,Y
HIGH_SCHOOL_PAYMENTS,CHECK_ID,NUMBER,22,Y
HIGH_SCHOOL_PAYMENTS,SPRING_FALL,CHAR,1,N
HIGH_SCHOOL_PAYMENTS,YEAR,NUMBER,22,N
INSTALLMENT_SALES,SALE_ID,NUMBER,22,N
INSTALLMENT_SALES,AMOUNT_IN_CENTS,NUMBER,22,N
INSTALLMENT_SALES,STAGGER_ID,NUMBER,22,N
INSTALLMENT_SALES,CLOSE_ID,NUMBER,22,N
INSTALLMENT_SALES,VOID_CLOSE_ID,NUMBER,22,Y
INSTRUCTION_QUEUE,INSTRUCTION_ID,NUMBER,22,N
INSTRUCTION_QUEUE,CARD_NUM,VARCHAR2,50,N
INSTRUCTION_QUEUE,SIGNOUT_ID,NUMBER,22,Y
INSTRUCTION_QUEUE,ADDED_DATETIME,DATE,7,Y
INSTRUCTION_QUEUE,CREATED_ON,DATE,7,Y
INSTRUCTION_QUEUE,CREATED_BY,VARCHAR2,500,Y
INSTRUCTION_QUEUE,UPDATED_ON,DATE,7,Y
INSTRUCTION_QUEUE,UPDATED_BY,VARCHAR2,500,Y
INSTRUCTION_QUEUE,PROGRAM_ID,NUMBER,22,N
INSTRUCTION_QUEUE,QUEUE_ORDER,NUMBER,22,Y
INSTRUCTION_QUEUE,PERSON_ID,NUMBER,22,N
INSTRUCTION_QUEUE,START_ACTIVE,DATE,7,Y
INSTRUCTION_QUEUE,END_ACTIVE,DATE,7,Y
JPC_INSTANCES_DISCOUNTS,ASSIGN_ID,NUMBER,22,N
JPC_INSTANCES_DISCOUNTS,CLASS_INSTANCE_ID,NUMBER,22,Y
JPC_INSTANCES_DISCOUNTS,DISCOUNT_INSTANCE_ID,NUMBER,22,Y
JPC_INSTANCES_DISCOUNTS,DISCOUNT_AMT,NUMBER,22,Y
JPC_INSTANCES_DISCOUNTS,CREATED_ON,DATE,7,Y
JPC_INSTANCES_DISCOUNTS,CREATED_BY,VARCHAR2,500,Y
JPC_INSTANCES_DISCOUNTS,UPDATED_ON,DATE,7,Y
JPC_INSTANCES_DISCOUNTS,UPDATED_BY,VARCHAR2,500,Y
JPC_INSTANCES_DISCOUNTS,REG_CODE_ROW_ID,NUMBER,22,Y
JP_CLASS_ATTENDANCE,ATTEND_ID,NUMBER,22,N
JP_CLASS_ATTENDANCE,SESSION_ID,NUMBER,22,N
JP_CLASS_ATTENDANCE,SIGNUP_ID,NUMBER,22,N
JP_CLASS_ATTENDANCE,ATTEND,CHAR,1,Y
JP_CLASS_ATTENDANCE,CREATED_ON,DATE,7,Y
JP_CLASS_ATTENDANCE,CREATED_BY,VARCHAR2,500,Y
JP_CLASS_ATTENDANCE,UPDATED_ON,DATE,7,Y
JP_CLASS_ATTENDANCE,UPDATED_BY,VARCHAR2,500,Y
JP_CLASS_INSTANCES,INSTANCE_ID,NUMBER,22,N
JP_CLASS_INSTANCES,TYPE_ID,NUMBER,22,N
JP_CLASS_INSTANCES,LIMIT_OVERRIDE,NUMBER,22,Y
JP_CLASS_INSTANCES,NAME_OVERRIDE,VARCHAR2,200,Y
JP_CLASS_INSTANCES,MAX_AGE,NUMBER,22,Y
JP_CLASS_INSTANCES,CREATED_ON,DATE,7,Y
JP_CLASS_INSTANCES,CREATED_BY,VARCHAR2,500,Y
JP_CLASS_INSTANCES,UPDATED_ON,DATE,7,Y
JP_CLASS_INSTANCES,UPDATED_BY,VARCHAR2,500,Y
JP_CLASS_INSTANCES,MIN_AGE,NUMBER,22,Y
JP_CLASS_INSTANCES,PRICE,NUMBER,22,Y
JP_CLASS_INSTANCES,REG_CODE_ROW_ID,NUMBER,22,Y
JP_CLASS_INSTANCES,CONFIRM_TEMPLATE,VARCHAR2,100,Y
JP_CLASS_INSTANCES,ADMIN_HOLD,CHAR,1,Y
JP_CLASS_INSTANCES,INSTRUCTOR_ID,NUMBER,22,Y
JP_CLASS_INSTANCES,LOCATION_ID,NUMBER,22,Y
JP_CLASS_INSTANCES,RESERVED_FOR_GROUP,CHAR,1,Y
JP_CLASS_INSTANCES,OVERRIDE_NO_LIMIT,CHAR,1,Y
JP_CLASS_SECTIONS,SECTION_ID,NUMBER,22,N
JP_CLASS_SECTIONS,INSTANCE_ID,NUMBER,22,Y
JP_CLASS_SECTIONS,LOOKUP_ID,NUMBER,22,Y
JP_CLASS_SECTIONS,CREATED_ON,DATE,7,Y
JP_CLASS_SECTIONS,CREATED_BY,VARCHAR2,500,Y
JP_CLASS_SECTIONS,UPDATED_ON,DATE,7,Y
JP_CLASS_SECTIONS,UPDATED_BY,VARCHAR2,500,Y
JP_CLASS_SECTIONS,LOCATION_ID,NUMBER,22,Y
JP_CLASS_SECTIONS,INSTRUCTOR_ID,NUMBER,22,Y
JP_CLASS_SECTION_LOOKUP,SECTION_ID,NUMBER,22,N
JP_CLASS_SECTION_LOOKUP,SECTION_NAME,VARCHAR2,50,Y
JP_CLASS_SECTION_LOOKUP,CREATED_ON,DATE,7,Y
JP_CLASS_SECTION_LOOKUP,CREATED_BY,VARCHAR2,500,Y
JP_CLASS_SECTION_LOOKUP,UPDATED_ON,DATE,7,Y
JP_CLASS_SECTION_LOOKUP,UPDATED_BY,VARCHAR2,500,Y
JP_CLASS_SECTION_LOOKUP,ACTIVE,CHAR,1,Y
JP_CLASS_SECTION_LOOKUP,DISPLAY_ORDER,NUMBER,22,Y
JP_CLASS_SECTION_LOOKUP,SVG_URL,VARCHAR2,100,Y
JP_CLASS_SESSIONS,SESSION_ID,NUMBER,22,N
JP_CLASS_SESSIONS,INSTANCE_ID,NUMBER,22,N
JP_CLASS_SESSIONS,SESSION_DATETIME,DATE,7,N
JP_CLASS_SESSIONS,CREATED_ON,DATE,7,Y
JP_CLASS_SESSIONS,CREATED_BY,VARCHAR2,500,Y
JP_CLASS_SESSIONS,UPDATED_ON,DATE,7,Y
JP_CLASS_SESSIONS,UPDATED_BY,VARCHAR2,500,Y
JP_CLASS_SESSIONS,LENGTH_OVERRIDE,NUMBER,22,Y
JP_CLASS_SIGNUPS,SIGNUP_ID,NUMBER,22,N
JP_CLASS_SIGNUPS,INSTANCE_ID,NUMBER,22,N
JP_CLASS_SIGNUPS,PERSON_ID,NUMBER,22,N
JP_CLASS_SIGNUPS,SIGNUP_DATETIME,DATE,7,Y
JP_CLASS_SIGNUPS,SEQUENCE,NUMBER,22,Y
JP_CLASS_SIGNUPS,SIGNUP_TYPE,CHAR,1,Y
JP_CLASS_SIGNUPS,GROUP_ID,NUMBER,22,Y
JP_CLASS_SIGNUPS,CREATED_ON,DATE,7,Y
JP_CLASS_SIGNUPS,CREATED_BY,VARCHAR2,500,Y
JP_CLASS_SIGNUPS,UPDATED_ON,DATE,7,Y
JP_CLASS_SIGNUPS,UPDATED_BY,VARCHAR2,500,Y
JP_CLASS_SIGNUPS,IS_RESERVE,CHAR,1,Y
JP_CLASS_SIGNUPS,CC_TRANS_NUM,VARCHAR2,10,Y
JP_CLASS_SIGNUPS,CLOSE_ID,NUMBER,22,Y
JP_CLASS_SIGNUPS,DISCOUNT_INSTANCE_ID,NUMBER,22,Y
JP_CLASS_SIGNUPS,ORDER_ID,NUMBER,22,Y
JP_CLASS_SIGNUPS,PAYMENT_MEDIUM,VARCHAR2,50,Y
JP_CLASS_SIGNUPS,PRICE,NUMBER,22,Y
JP_CLASS_SIGNUPS,VOID_CLOSE_ID,NUMBER,22,Y
JP_CLASS_SIGNUPS,SIGNUP_NOTE,VARCHAR2,4000,Y
JP_CLASS_SIGNUPS,IGNORE_ILLEGAL_SIGNUP,CHAR,1,Y
JP_CLASS_SIGNUPS,STAGGER_ID,NUMBER,22,Y
JP_CLASS_SIGNUPS,PARENT_SIGNUP_NOTE,VARCHAR2,4000,Y
JP_CLASS_SIGNUPS,SECTION_LOOKUP_ID,NUMBER,22,Y
JP_CLASS_SIGNUPS,SECTION_ID,NUMBER,22,Y
JP_CLASS_SIGNUPS_SKILLS,ASSIGN_ID,NUMBER,22,N
JP_CLASS_SIGNUPS_SKILLS,SIGNUP_ID,NUMBER,22,Y
JP_CLASS_SIGNUPS_SKILLS,SKILL_ID,NUMBER,22,Y
JP_CLASS_SIGNUPS_SKILLS,RATING_ID,NUMBER,22,Y
JP_CLASS_SIGNUPS_SKILLS,CHANGED_DATETIME,DATE,7,Y
JP_CLASS_SIGNUPS_SKILLS,INSTRUCTOR,VARCHAR2,500,Y
JP_CLASS_SIGNUPS_SKILLS,COMMENTS,CLOB,4000,Y
JP_CLASS_SIGNUPS_SKILLS,CREATED_ON,DATE,7,Y
JP_CLASS_SIGNUPS_SKILLS,CREATED_BY,VARCHAR2,500,Y
JP_CLASS_SIGNUPS_SKILLS,UPDATED_ON,DATE,7,Y
JP_CLASS_SIGNUPS_SKILLS,UPDATED_BY,VARCHAR2,500,Y
JP_CLASS_SKILLS,SKILL_ID,NUMBER,22,N
JP_CLASS_SKILLS,TYPE_ID,NUMBER,22,Y
JP_CLASS_SKILLS,SKILL_NAME,VARCHAR2,200,N
JP_CLASS_SKILLS,ASSESSMENT,VARCHAR2,1000,Y
JP_CLASS_SKILLS,CREATED_ON,DATE,7,Y
JP_CLASS_SKILLS,CREATED_BY,VARCHAR2,500,Y
JP_CLASS_SKILLS,UPDATED_ON,DATE,7,Y
JP_CLASS_SKILLS,UPDATED_BY,VARCHAR2,500,Y
JP_CLASS_SKILLS,DISPLAY_ORDER,NUMBER,22,Y
JP_CLASS_SKILLS,ACTIVE,CHAR,1,Y
JP_CLASS_SKILLS_RATINGS,RATING_ID,NUMBER,22,N
JP_CLASS_SKILLS_RATINGS,SKILL_ID,NUMBER,22,N
JP_CLASS_SKILLS_RATINGS,RATING_NAME,VARCHAR2,50,N
JP_CLASS_SKILLS_RATINGS,RATING_SEQ,NUMBER,22,N
JP_CLASS_SKILLS_RATINGS,CREATED_ON,DATE,7,Y
JP_CLASS_SKILLS_RATINGS,CREATED_BY,VARCHAR2,500,Y
JP_CLASS_SKILLS_RATINGS,UPDATED_ON,DATE,7,Y
JP_CLASS_SKILLS_RATINGS,UPDATED_BY,VARCHAR2,500,Y
JP_CLASS_STAGGERS,STAGGER_ID,NUMBER,22,N
JP_CLASS_STAGGERS,INSTANCE_ID,NUMBER,22,N
JP_CLASS_STAGGERS,STAGGER_DATE,DATE,7,N
JP_CLASS_STAGGERS,OCCUPANCY,NUMBER,22,N
JP_CLASS_STAGGERS,CREATED_ON,DATE,7,Y
JP_CLASS_STAGGERS,CREATED_BY,VARCHAR2,500,Y
JP_CLASS_STAGGERS,UPDATED_ON,DATE,7,Y
JP_CLASS_STAGGERS,UPDATED_BY,VARCHAR2,500,Y
JP_CLASS_STAGGERS,RESERVE_ONLY,CHAR,1,Y
JP_CLASS_STAGGERS,RESERVE_RELEASE,DATE,7,Y
JP_CLASS_TYPES,TYPE_ID,NUMBER,22,N
JP_CLASS_TYPES,TYPE_NAME,VARCHAR2,100,Y
JP_CLASS_TYPES,SIGNUP_MAX,NUMBER,22,Y
JP_CLASS_TYPES,ALLOW_MULTIPLE,CHAR,1,Y
JP_CLASS_TYPES,RATING_PREREQ,NUMBER,22,Y
JP_CLASS_TYPES,CREATED_ON,DATE,7,Y
JP_CLASS_TYPES,CREATED_BY,VARCHAR2,500,Y
JP_CLASS_TYPES,UPDATED_ON,DATE,7,Y
JP_CLASS_TYPES,UPDATED_BY,VARCHAR2,500,Y
JP_CLASS_TYPES,SESSION_LENGTH,NUMBER,22,Y
JP_CLASS_TYPES,SESSION_CT,NUMBER,22,Y
JP_CLASS_TYPES,RATING_OVERKILL,NUMBER,22,Y
JP_CLASS_TYPES,MIN_AGE,NUMBER,22,Y
JP_CLASS_TYPES,MAX_AGE,NUMBER,22,Y
JP_CLASS_TYPES,MIN_SESSIONS_FOR_ATTENDED,NUMBER,22,Y
JP_CLASS_TYPES,ACTIVE,CHAR,1,Y
JP_CLASS_TYPES,DISPLAY_ORDER,NUMBER,22,Y
JP_CLASS_TYPES,NO_LIMIT,CHAR,1,Y
JP_CLASS_TYPE_OVERRIDES,ROW_ID,NUMBER,22,N
JP_CLASS_TYPE_OVERRIDES,PERSON_ID,NUMBER,22,N
JP_CLASS_TYPE_OVERRIDES,TYPE_ID,NUMBER,22,N
JP_CLASS_TYPE_OVERRIDES,SEASON,NUMBER,22,Y
JP_CLASS_TYPE_OVERRIDES,IS_FOR_OVERKILL,CHAR,1,N
JP_CLASS_TYPE_OVERRIDES,CREATED_ON,DATE,7,Y
JP_CLASS_TYPE_OVERRIDES,CREATED_BY,VARCHAR2,500,Y
JP_CLASS_TYPE_OVERRIDES,UPDATED_ON,DATE,7,Y
JP_CLASS_TYPE_OVERRIDES,UPDATED_BY,VARCHAR2,500,Y
JP_CLASS_WL_RESULTS,SIGNUP_ID,NUMBER,22,N
JP_CLASS_WL_RESULTS,FO_VM_DATETIME,DATE,7,Y
JP_CLASS_WL_RESULTS,WL_RESULT,CHAR,1,N
JP_CLASS_WL_RESULTS,CREATED_ON,DATE,7,Y
JP_CLASS_WL_RESULTS,CREATED_BY,VARCHAR2,500,Y
JP_CLASS_WL_RESULTS,UPDATED_ON,DATE,7,Y
JP_CLASS_WL_RESULTS,UPDATED_BY,VARCHAR2,500,Y
JP_CLASS_WL_RESULTS,FO_ALERT_DATETIME,DATE,7,N
JP_CLASS_WL_RESULTS,OFFER_EXP_DATETIME,DATE,7,N
JP_CLASS_WL_RESULTS,PERMIT_OVERCROWD,CHAR,1,Y
JP_CLASS_WL_RESULTS,PREAPPROVED_EXP,DATE,7,Y
JP_CLOSURES,CLOSURE_ID,NUMBER,22,N
JP_CLOSURES,DR_DATE,DATE,7,Y
JP_CLOSURES,CLOSE_TIME,DATE,7,Y
JP_CLOSURES,REOPEN_TIME,DATE,7,Y
JP_CLOSURES,CREATED_ON,DATE,7,Y
JP_CLOSURES,CREATED_BY,VARCHAR2,500,Y
JP_CLOSURES,UPDATED_ON,DATE,7,Y
JP_CLOSURES,UPDATED_BY,VARCHAR2,500,Y
JP_EMAIL_TRACKING,EMAIL_ID,NUMBER,22,N
JP_EMAIL_TRACKING,SIGNUP_ID,NUMBER,22,Y
JP_EMAIL_TRACKING,EMAIL_FROM,VARCHAR2,200,Y
JP_EMAIL_TRACKING,EMAIL_TO,VARCHAR2,200,Y
JP_EMAIL_TRACKING,EMAIL_SUBJ,VARCHAR2,500,Y
JP_EMAIL_TRACKING,EMAIL_PLAIN_BODY,VARCHAR2,4000,Y
JP_EMAIL_TRACKING,EMAIL_HTML_BODY,VARCHAR2,4000,Y
JP_EMAIL_TRACKING,SEND_DATETIME,DATE,7,Y
JP_EMAIL_TRACKING,EMAIL_CC,VARCHAR2,200,Y
JP_EMAIL_TRACKING,EMAIL_BCC,VARCHAR2,200,Y
JP_EMAIL_TRACKING,CREATED_ON,DATE,7,Y
JP_EMAIL_TRACKING,CREATED_BY,VARCHAR2,500,Y
JP_EMAIL_TRACKING,UPDATED_ON,DATE,7,Y
JP_EMAIL_TRACKING,UPDATED_BY,VARCHAR2,500,Y
JP_GROUPS,GROUP_ID,NUMBER,22,N
JP_GROUPS,GROUP_NAME,VARCHAR2,200,Y
JP_GROUPS,CREATED_ON,DATE,7,Y
JP_GROUPS,CREATED_BY,VARCHAR2,500,Y
JP_GROUPS,UPDATED_ON,DATE,7,Y
JP_GROUPS,UPDATED_BY,VARCHAR2,500,Y
JP_GROUPS,ACTIVE,CHAR,1,Y
JP_NO_SWIM,SWIM_ID,NUMBER,22,N
JP_NO_SWIM,CARD_NUM,VARCHAR2,20,Y
JP_NO_SWIM,CREATED_ON,DATE,7,Y
JP_NO_SWIM,CREATED_BY,VARCHAR2,500,Y
JP_NO_SWIM,UPDATED_ON,DATE,7,Y
JP_NO_SWIM,UPDATED_BY,VARCHAR2,500,Y
JP_REPL_MAPPING,MAP_ID,NUMBER,22,N
JP_REPL_MAPPING,ORIGINAL_NUM,VARCHAR2,15,Y
JP_REPL_MAPPING,REPL_NUM,VARCHAR2,15,Y
JP_REPL_MAPPING,CREATED_ON,DATE,7,Y
JP_REPL_MAPPING,CREATED_BY,VARCHAR2,500,Y
JP_REPL_MAPPING,UPDATED_ON,DATE,7,Y
JP_REPL_MAPPING,UPDATED_BY,VARCHAR2,500,Y
JP_SPECIAL_NEEDS,CARD_ID,NUMBER,22,N
JP_SPECIAL_NEEDS,CARD_NUM,VARCHAR2,50,Y
JP_SPECIAL_NEEDS,PERSON_ID,NUMBER,22,Y
JP_SPECIAL_NEEDS,CREATED_ON,DATE,7,Y
JP_SPECIAL_NEEDS,CREATED_BY,VARCHAR2,500,Y
JP_SPECIAL_NEEDS,UPDATED_ON,DATE,7,Y
JP_SPECIAL_NEEDS,UPDATED_BY,VARCHAR2,500,Y
JP_SPRING_WAITLIST,REG_ID,NUMBER,22,N
JP_SPRING_WAITLIST,MEMBERSHIP_TYPE_ID,NUMBER,22,Y
JP_SPRING_WAITLIST,PERSON_ID,NUMBER,22,Y
JP_SPRING_WAITLIST,CREATED_ON,DATE,7,Y
JP_SPRING_WAITLIST,CREATED_BY,VARCHAR2,500,Y
JP_SPRING_WAITLIST,UPDATED_ON,DATE,7,Y
JP_SPRING_WAITLIST,UPDATED_BY,VARCHAR2,500,Y
JP_SPRING_WAITLIST,WAIT_BEGIN,DATE,7,Y
JP_TEAMS,TEAM_ID,NUMBER,22,N
JP_TEAMS,TEAM_NAME,VARCHAR2,100,Y
JP_TEAMS,CREATED_ON,DATE,7,Y
JP_TEAMS,CREATED_BY,VARCHAR2,500,Y
JP_TEAMS,UPDATED_ON,DATE,7,Y
JP_TEAMS,UPDATED_BY,VARCHAR2,500,Y
JP_TEAMS,ACTIVE,CHAR,1,Y
JP_TEAMS,IMAGE_FILENAME,VARCHAR2,50,Y
JP_TEAM_EVENTS,EVENT_ID,NUMBER,22,N
JP_TEAM_EVENTS,MEMO,VARCHAR2,4000,Y
JP_TEAM_EVENTS,AWARDED_BY,VARCHAR2,100,Y
JP_TEAM_EVENTS,CREATED_ON,DATE,7,Y
JP_TEAM_EVENTS,CREATED_BY,VARCHAR2,500,Y
JP_TEAM_EVENTS,UPDATED_ON,DATE,7,Y
JP_TEAM_EVENTS,UPDATED_BY,VARCHAR2,500,Y
JP_TEAM_EVENTS,AWARDED_DATE,DATE,7,Y
JP_TEAM_EVENT_POINTS,ROW_ID,NUMBER,22,N
JP_TEAM_EVENT_POINTS,EVENT_ID,NUMBER,22,Y
JP_TEAM_EVENT_POINTS,TEAM_ID,NUMBER,22,Y
JP_TEAM_EVENT_POINTS,POINTS,NUMBER,22,Y
JP_WEATHER,WEATHER_ID,NUMBER,22,N
JP_WEATHER,DR_DATE,DATE,7,Y
JP_WEATHER,WEATHER_TIME,VARCHAR2,20,Y
JP_WEATHER,CONDITIONS,VARCHAR2,100,Y
JP_WEATHER,TEMP,NUMBER,22,Y
JP_WEATHER,WIND_DIR,VARCHAR2,5,Y
JP_WEATHER,WIND_STEADY,NUMBER,22,Y
JP_WEATHER,WIND_GUST,NUMBER,22,Y
JP_WEATHER,FLAG,VARCHAR2,20,Y
JP_WEATHER,RESTRICTIONS,VARCHAR2,4000,Y
JP_WEATHER,CREATED_ON,DATE,7,Y
JP_WEATHER,CREATED_BY,VARCHAR2,500,Y
JP_WEATHER,UPDATED_ON,DATE,7,Y
JP_WEATHER,UPDATED_BY,VARCHAR2,500,Y
LANGUAGES,LANGUAGE_ID,NUMBER,22,N
LANGUAGES,LANGUAGE_NAME,VARCHAR2,100,Y
MEMBERSHIPS_DISCOUNTS,ASSIGN_ID,NUMBER,22,N
MEMBERSHIPS_DISCOUNTS,TYPE_ID,NUMBER,22,N
MEMBERSHIPS_DISCOUNTS,INSTANCE_ID,NUMBER,22,Y
MEMBERSHIPS_DISCOUNTS,DISCOUNT_AMT,NUMBER,22,Y
MEMBERSHIPS_DISCOUNTS,CREATED_ON,DATE,7,Y
MEMBERSHIPS_DISCOUNTS,CREATED_BY,VARCHAR2,500,Y
MEMBERSHIPS_DISCOUNTS,UPDATED_ON,DATE,7,Y
MEMBERSHIPS_DISCOUNTS,UPDATED_BY,VARCHAR2,500,Y
MEMBERSHIPS_DISCOUNTS,REG_CODE_ROW_ID,NUMBER,22,Y
MEMBERSHIPS_DISCOUNTS,AR_SOURCE_ID,NUMBER,22,Y
MEMBERSHIPS_DISCOUNTS,AR_AMOUNT,NUMBER,22,Y
MEMBERSHIPS_DISCOUNTS,AUTO_GRANT,CHAR,1,Y
MEMBERSHIPS_DISCOUNTS,FREE_GP,CHAR,1,Y
MEMBERSHIPS_DISCOUNTS,FREE_DW,CHAR,1,Y
MEMBERSHIP_PRICES,INSTANCE_ID,NUMBER,22,N
MEMBERSHIP_PRICES,MEMBERSHIP_TYPE_ID,NUMBER,22,Y
MEMBERSHIP_PRICES,PRICE,NUMBER,22,Y
MEMBERSHIP_PRICES,START_ACTIVE,DATE,7,Y
MEMBERSHIP_PRICES,END_ACTIVE,DATE,7,Y
MEMBERSHIP_PRICES,CREATED_ON,DATE,7,Y
MEMBERSHIP_PRICES,CREATED_BY,VARCHAR2,500,Y
MEMBERSHIP_PRICES,UPDATED_ON,DATE,7,Y
MEMBERSHIP_PRICES,UPDATED_BY,VARCHAR2,500,Y
MEMBERSHIP_TYPES,MEMBERSHIP_TYPE_ID,NUMBER,22,N
MEMBERSHIP_TYPES,PROGRAM_ID,NUMBER,22,Y
MEMBERSHIP_TYPES,MEMBERSHIP_TYPE_NAME,VARCHAR2,200,Y
MEMBERSHIP_TYPES,DISPLAY_ORDER,NUMBER,22,N
MEMBERSHIP_TYPES,ACTIVE,CHAR,1,Y
MEMBERSHIP_TYPES,CREATED_ON,DATE,7,Y
MEMBERSHIP_TYPES,CREATED_BY,VARCHAR2,500,Y
MEMBERSHIP_TYPES,UPDATED_ON,DATE,7,Y
MEMBERSHIP_TYPES,UPDATED_BY,VARCHAR2,500,Y
MEMBERSHIP_TYPES,DURATION,NUMBER,22,Y
MEMBERSHIP_TYPES,EXPIRATION_TYPE,VARCHAR2,50,Y
MEMBERSHIP_TYPES,PRICE,NUMBER,22,Y
MEMBERSHIP_TYPES,OLD_DISCOUNT_TYPE,NUMBER,22,Y
MEMBERSHIP_TYPES,REG_CODE_ROW_ID,NUMBER,22,Y
MEMBERSHIP_TYPES,ALERT_ON_CLOSE,CHAR,1,Y
MEMBERSHIP_TYPES,GC_ELIGIBLE,CHAR,1,Y
MEMBERSHIP_TYPES,MEMBERSHIP_TYPE_DISPLAY_NAME,VARCHAR2,100,Y
MEMBERSHIP_TYPES,AVAILABLE_ONLINE,CHAR,1,Y
MEMBERSHIP_TYPES,CAN_HAVE_GUEST_PRIVS,CHAR,1,Y
MEMBERSHIP_TYPES,GC_REG_CODE_ROW_ID,NUMBER,22,Y
MEMBERSHIP_TYPES,RATINGS_RESTRICTED,CHAR,1,Y
MEMBERSHIP_TYPES,TAXABLE,CHAR,1,Y
MEMBERSHIP_TYPES,PROGRAM_PRIORITY,NUMBER,22,Y
MEMBERSHIP_TYPES,RENEWAL_ELIGIBLE,CHAR,1,Y
MEMBERSHIP_TYPE_DISCOUNTS,DISCOUNT_ID,NUMBER,22,N
MEMBERSHIP_TYPE_DISCOUNTS,MEMBERSHIP_TYPE_ID,NUMBER,22,Y
MEMBERSHIP_TYPE_DISCOUNTS,DISCOUNT_AMT,NUMBER,22,Y
MEMBERSHIP_TYPE_DISCOUNTS,DESCRIPTION,VARCHAR2,100,Y
MEMBERSHIP_TYPE_DISCOUNTS,CREATED_ON,DATE,7,Y
MEMBERSHIP_TYPE_DISCOUNTS,CREATED_BY,VARCHAR2,500,Y
MEMBERSHIP_TYPE_DISCOUNTS,UPDATED_ON,DATE,7,Y
MEMBERSHIP_TYPE_DISCOUNTS,UPDATED_BY,VARCHAR2,500,Y
MEMBERSHIP_TYPE_DISCOUNTS,REG_CODE_ROW_ID,NUMBER,22,Y
MEMBERSHIP_TYPE_EXP,EXPIRATION_ID,NUMBER,22,N
MEMBERSHIP_TYPE_EXP,MEMBERSHIP_TYPE_ID,NUMBER,22,N
MEMBERSHIP_TYPE_EXP,SEASON,NUMBER,22,N
MEMBERSHIP_TYPE_EXP,EXPIRATION_DATE,DATE,7,N
MEMBERSHIP_TYPE_EXP,CREATED_ON,DATE,7,Y
MEMBERSHIP_TYPE_EXP,CREATED_BY,VARCHAR2,500,Y
MEMBERSHIP_TYPE_EXP,UPDATED_ON,DATE,7,Y
MEMBERSHIP_TYPE_EXP,UPDATED_BY,VARCHAR2,500,Y
MEMBERSHIP_TYPE_EXP,START_DATE,DATE,7,N
MEM_TYPES_ALLOWED_RATINGS,ASSIGN_ID,NUMBER,22,N
MEM_TYPES_ALLOWED_RATINGS,MEMBERSHIP_TYPE_ID,NUMBER,22,Y
MEM_TYPES_ALLOWED_RATINGS,RATING_ID,NUMBER,22,Y
MEM_TYPES_AP_CLASS_TYPES,MEMBERSHIP_TYPE_ID,NUMBER,22,N
MEM_TYPES_AP_CLASS_TYPES,AP_CLASS_TYPE_ID,NUMBER,22,N
MERGE_HISTORY,ACTION_ID,NUMBER,22,N
MERGE_HISTORY,OLD_ID,NUMBER,22,Y
MERGE_HISTORY,NEW_ID,NUMBER,22,Y
MERGE_HISTORY,TABLE_NAME,VARCHAR2,500,Y
MERGE_HISTORY,COLUMN_NAME,VARCHAR2,500,Y
MERGE_HISTORY,CREATED_ON,DATE,7,Y
MERGE_HISTORY,CREATED_BY,VARCHAR2,500,Y
MERGE_HISTORY,UPDATED_ON,DATE,7,Y
MERGE_HISTORY,UPDATED_BY,VARCHAR2,500,Y
MERGE_HISTORY,TABLE_PK,NUMBER,22,Y
OPT_OUT_GROUPS,OPT_OUT_GRP_ID,NUMBER,22,N
OPT_OUT_GROUPS,GROUP_NAME,VARCHAR2,100,Y
OPT_OUT_GROUPS,CREATED_ON,DATE,7,Y
OPT_OUT_GROUPS,CREATED_BY,VARCHAR2,500,Y
OPT_OUT_GROUPS,UPDATED_ON,DATE,7,Y
OPT_OUT_GROUPS,UPDATED_BY,VARCHAR2,500,Y
OPT_OUT_REQUESTS,REQ_ID,NUMBER,22,N
OPT_OUT_REQUESTS,EMAIL,VARCHAR2,500,Y
OPT_OUT_REQUESTS,OPT_OUT_GRP_ID,NUMBER,22,Y
OPT_OUT_REQUESTS,DO_NOT_SEND,CHAR,1,Y
OPT_OUT_REQUESTS,TOKEN,VARCHAR2,50,Y
OPT_OUT_REQUESTS,CREATED_ON,DATE,7,Y
OPT_OUT_REQUESTS,CREATED_BY,VARCHAR2,500,Y
OPT_OUT_REQUESTS,UPDATED_ON,DATE,7,Y
OPT_OUT_REQUESTS,UPDATED_BY,VARCHAR2,500,Y
ORDERS_PROMOS,ASSIGN_ID,NUMBER,22,N
ORDERS_PROMOS,ORDER_ID,NUMBER,22,Y
ORDERS_PROMOS,INSTANCE_ID,NUMBER,22,Y
ORDERS_PROMOS,CREATED_ON,DATE,7,Y
ORDERS_PROMOS,CREATED_BY,VARCHAR2,500,Y
ORDERS_PROMOS,UPDATED_ON,DATE,7,Y
ORDERS_PROMOS,UPDATED_BY,VARCHAR2,500,Y
ORDERS_STRIPE_PAYMENT_INTENTS,ROW_ID,NUMBER,22,N
ORDERS_STRIPE_PAYMENT_INTENTS,ORDER_ID,NUMBER,22,N
ORDERS_STRIPE_PAYMENT_INTENTS,PAYMENT_INTENT_ID,VARCHAR2,50,N
ORDERS_STRIPE_PAYMENT_INTENTS,AMOUNT_IN_CENTS,NUMBER,22,N
ORDERS_STRIPE_PAYMENT_INTENTS,PAID,CHAR,1,N
ORDERS_STRIPE_PAYMENT_INTENTS,PAID_CLOSE_ID,NUMBER,22,N
ORDER_NUMBERS,ORDER_ID,NUMBER,22,N
ORDER_NUMBERS,PERSON_ID,NUMBER,22,N
ORDER_NUMBERS,ORDER_NUM,VARCHAR2,25,N
ORDER_NUMBERS,APPROVED_TRANS_ID,NUMBER,22,Y
ORDER_NUMBERS,CREATED_ON,DATE,7,Y
ORDER_NUMBERS,CREATED_BY,VARCHAR2,500,Y
ORDER_NUMBERS,UPDATED_ON,DATE,7,Y
ORDER_NUMBERS,UPDATED_BY,VARCHAR2,500,Y
ORDER_NUMBERS,PROCESSED_DATE,DATE,7,Y
ORDER_NUMBERS,APPROVED_STRIPE_CHARGE_ATT,NUMBER,22,Y
ORDER_NUMBERS,ADDL_STAGGERED_PAYMENTS,NUMBER,22,Y
ORDER_NUMBERS,APP_ALIAS,VARCHAR2,20,Y
ORDER_NUMBERS,USE_PAYMENT_INTENT,CHAR,1,Y
ORDER_STAGGERED_PAYMENTS,STAGGER_ID,NUMBER,22,N
ORDER_STAGGERED_PAYMENTS,ORDER_ID,NUMBER,22,N
ORDER_STAGGERED_PAYMENTS,SEQ,NUMBER,22,N
ORDER_STAGGERED_PAYMENTS,EXPECTED_PAYMENT_DATE,DATE,7,N
ORDER_STAGGERED_PAYMENTS,PAID,CHAR,1,N
ORDER_STAGGERED_PAYMENTS,APPROVED_STRIPE_CHARGE_ATT,NUMBER,22,Y
ORDER_STAGGERED_PAYMENTS,PAID_CLOSE_ID,NUMBER,22,Y
ORDER_STAGGERED_PAYMENTS,REDEEMED_CLOSE_ID,NUMBER,22,Y
ORDER_STAGGERED_PAYMENTS,RAW_AMOUNT_IN_CENTS,NUMBER,22,Y
ORDER_STAGGERED_PAYMENTS,ADDL_AMOUNT_IN_CENTS,NUMBER,22,Y
ORDER_STAGGERED_PAYMENTS,PAYMENT_INTENT_ROW_ID,NUMBER,22,Y
ORDER_STAGGERED_PAYMENTS,FAILED_CRON,CHAR,1,Y
PAS,PAS_ID,NUMBER,22,N
PAS,USER_NAME,VARCHAR2,100,Y
PAS,PAS,VARCHAR2,100,Y
PAS,EXPIRATION,DATE,7,Y
PAS,PROC_NAME,VARCHAR2,100,Y
PAS,ARG_STRING,VARCHAR2,500,Y
PERFORMANCE_LOG,LOG_ID,NUMBER,22,N
PERFORMANCE_LOG,APP_ID,NUMBER,22,Y
PERFORMANCE_LOG,CONNECT_TIME,NUMBER,22,Y
PERFORMANCE_LOG,REQUEST_TIME,NUMBER,22,Y
PERFORMANCE_LOG,RESPONSE_TIME,NUMBER,22,Y
PERFORMANCE_LOG,PROCESS_TIME,NUMBER,22,Y
PERFORMANCE_LOG,TOTAL_TIME,NUMBER,22,Y
PERFORMANCE_LOG,LOG_DATETIME,DATE,7,Y
PERFORMANCE_LOG,USER_NAME,VARCHAR2,100,Y
PERSONS,PERSON_ID,NUMBER,22,N
PERSONS,NAME_FIRST,VARCHAR2,100,Y
PERSONS,NAME_MIDDLE_INITIAL,VARCHAR2,5,Y
PERSONS,NAME_LAST,VARCHAR2,100,Y
PERSONS,NAME_PREFIX,VARCHAR2,50,Y
PERSONS,NAME_SUFFIX,VARCHAR2,50,Y
PERSONS,GENDER,CHAR,1,Y
PERSONS,DOB,DATE,7,Y
PERSONS,EMAIL,VARCHAR2,100,Y
PERSONS,PARENT_EMAIL,VARCHAR2,100,Y
PERSONS,ADDR_1,VARCHAR2,200,Y
PERSONS,ADDR_2,VARCHAR2,200,Y
PERSONS,ADDR_3,VARCHAR2,200,Y
PERSONS,CITY,VARCHAR2,50,Y
PERSONS,STATE,VARCHAR2,50,Y
PERSONS,ZIP,VARCHAR2,15,Y
PERSONS,COUNTRY,VARCHAR2,50,Y
PERSONS,PHONE_PRIMARY,VARCHAR2,100,Y
PERSONS,PHONE_PRIMARY_TYPE,VARCHAR2,50,Y
PERSONS,PHONE_ALTERNATE,VARCHAR2,100,Y
PERSONS,PHONE_ALTERNATE_TYPE,VARCHAR2,50,Y
PERSONS,EMERG1_NAME,VARCHAR2,200,Y
PERSONS,EMERG1_RELATION,VARCHAR2,50,Y
PERSONS,EMERG1_PHONE_PRIMARY,VARCHAR2,100,Y
PERSONS,EMERG1_PHONE_ALTERNATE,VARCHAR2,100,Y
PERSONS,EMERG2_NAME,VARCHAR2,200,Y
PERSONS,EMERG2_RELATION,VARCHAR2,50,Y
PERSONS,EMERG2_PHONE_PRIMARY,VARCHAR2,100,Y
PERSONS,EMERG2_PHONE_ALTERNATE,VARCHAR2,100,Y
PERSONS,ALLERGIES,VARCHAR2,4000,Y
PERSONS,MEDICATIONS,VARCHAR2,4000,Y
PERSONS,SPECIAL_NEEDS,VARCHAR2,4000,Y
PERSONS,BAD_MAIL,CHAR,1,Y
PERSONS,DECEASED,CHAR,1,Y
PERSONS,DO_NOT_CALL,CHAR,1,Y
PERSONS,DO_NOT_EMAIL,CHAR,1,Y
PERSONS,DO_NOT_MAIL,CHAR,1,Y
PERSONS,OCCUPATION,VARCHAR2,100,Y
PERSONS,EMPLOYER,VARCHAR2,100,Y
PERSONS,MATCHING_GIFTS,CHAR,1,Y
PERSONS,CITIZENSHIP,VARCHAR2,100,Y
PERSONS,ETHNICITY,VARCHAR2,100,Y
PERSONS,LANGUAGE,VARCHAR2,100,Y
PERSONS,REFERRAL_SOURCE,VARCHAR2,200,Y
PERSONS,SAILING_EXP,VARCHAR2,100,Y
PERSONS,ORGANIZATION,VARCHAR2,100,Y
PERSONS,ORG_CONTACT,VARCHAR2,200,Y
PERSONS,STUDENT,CHAR,1,Y
PERSONS,SCHOOL,VARCHAR2,100,Y
PERSONS,CREATED_ON,DATE,7,Y
PERSONS,CREATED_BY,VARCHAR2,500,Y
PERSONS,UPDATED_ON,DATE,7,Y
PERSONS,UPDATED_BY,VARCHAR2,500,Y
PERSONS,ETHNICITY_OTHER,VARCHAR2,100,Y
PERSONS,REFERRAL_OTHER,VARCHAR2,100,Y
PERSONS,ALLOW_SIGNOUTS,CHAR,1,Y
PERSONS,SEND_ALERT,CHAR,1,Y
PERSONS,TEMP,CHAR,1,N
PERSONS,PERSON_TYPE,NUMBER,22,Y
PERSONS,EMERG1_PHONE_PRIMARY_TYPE,VARCHAR2,50,Y
PERSONS,EMERG1_PHONE_ALTERNATE_TYPE,VARCHAR2,50,Y
PERSONS,EMERG2_PHONE_PRIMARY_TYPE,VARCHAR2,50,Y
PERSONS,EMERG2_PHONE_ALTERNATE_TYPE,VARCHAR2,50,Y
PERSONS,BAD_PHONE,CHAR,1,Y
PERSONS,BAD_EMAIL,CHAR,1,Y
PERSONS,MILITARY,VARCHAR2,50,Y
PERSONS,REDUCED_LUNCH,CHAR,1,Y
PERSONS,PW_HASH,VARCHAR2,100,Y
PERSONS,INCOME_LEVEL,NUMBER,22,Y
PERSONS,SWIM_PROOF,NUMBER,22,Y
PERSONS,OLD_FUNDRAISING_GREETING,VARCHAR2,300,Y
PERSONS,OLD_PHONE_WORK,VARCHAR2,50,Y
PERSONS,LANGUAGE_OTHER,VARCHAR2,200,Y
PERSONS,DOB_VERIFIED,CHAR,1,Y
PERSONS,PREV_CARD,VARCHAR2,50,Y
PERSONS,PREV_MEMBER,CHAR,1,Y
PERSONS,JP_AGE_OVERRIDE,CHAR,1,Y
PERSONS,MERGE_STATUS,CHAR,1,Y
PERSONS,INCOME_AMT,NUMBER,22,Y
PERSONS,INCOME_AMT_RAW,VARCHAR2,50,Y
PERSONS,SPEC_NEEDS_VERIFIED,CHAR,1,Y
PERSONS,MEMBER_COMMENT,CLOB,4000,Y
PERSONS,VERIFIED_EMAIL,VARCHAR2,1000,Y
PERSONS,UAP_BOAT,NUMBER,22,Y
PERSONS,IGNORE_JP_MIN_AGE,CHAR,1,Y
PERSONS,UAP_INTERESTED_LESSONS,CHAR,1,Y
PERSONS,UAP_INTERESTED_RIDES,CHAR,1,Y
PERSONS,ENTITY_TYPE,CHAR,1,Y
PERSONS,JP_TEAM_ID,NUMBER,22,Y
PERSONS,GUEST_PORTAL_REG,CHAR,1,Y
PERSONS,SIGNOUT_BLOCK_REASON,CLOB,4000,Y
PERSONS,CAMP_FAIR,VARCHAR2,50,Y
PERSONS,PREVIOUS_MEMBER,CHAR,1,Y
PERSONS,DATA_UNCONFIRMED,CHAR,1,Y
PERSONS,PROTOPERSON_COOKIE,VARCHAR2,50,Y
PERSONS,PROTO_STATE,CHAR,1,Y
PERSONS,VETERAN_ELIGIBLE,CHAR,1,Y
PERSONS,STRIPE_CUSTOMER_ID,VARCHAR2,30,Y
PERSONS,HAS_AUTHED_AS,NUMBER,22,Y
PERSONS,PW_HASH_SCHEME,VARCHAR2,20,Y
PERSONS,NEXT_RECURRING_DONATION,DATE,7,Y
PERSONS,SLACK_USER_ID,VARCHAR2,20,Y
PERSONS_CARDS,ASSIGN_ID,NUMBER,22,N
PERSONS_CARDS,PERSON_ID,NUMBER,22,Y
PERSONS_CARDS,ISSUE_DATE,DATE,7,N
PERSONS_CARDS,CREATED_ON,DATE,7,Y
PERSONS_CARDS,CREATED_BY,VARCHAR2,500,Y
PERSONS_CARDS,UPDATED_ON,DATE,7,Y
PERSONS_CARDS,UPDATED_BY,VARCHAR2,500,Y
PERSONS_CARDS,CARD_NUM,VARCHAR2,50,N
PERSONS_CARDS,TEMP,CHAR,1,N
PERSONS_CARDS,ACTIVE,CHAR,1,Y
PERSONS_CARDS,CC_TRANS_NUM,NUMBER,22,Y
PERSONS_CARDS,PAYMENT_MEDIUM,VARCHAR2,100,Y
PERSONS_CARDS,PRICE,NUMBER,22,Y
PERSONS_CARDS,CLOSE_ID,NUMBER,22,Y
PERSONS_CARDS,PAID,CHAR,1,Y
PERSONS_CARDS,VOID_CLOSE_ID,NUMBER,22,Y
PERSONS_CARDS,NONCE,VARCHAR2,10,Y
PERSONS_CARDS_ALTERNATE,ASSIGN_ID,NUMBER,22,N
PERSONS_CARDS_ALTERNATE,PERSON_ID,NUMBER,22,Y
PERSONS_CARDS_ALTERNATE,ISSUE_DATE,DATE,7,Y
PERSONS_CARDS_ALTERNATE,CREATED_ON,DATE,7,Y
PERSONS_CARDS_ALTERNATE,CREATED_BY,VARCHAR2,500,Y
PERSONS_CARDS_ALTERNATE,UPDATED_ON,DATE,7,Y
PERSONS_CARDS_ALTERNATE,UPDATED_BY,VARCHAR2,500,Y
PERSONS_CARDS_ALTERNATE,CARD_NUM,VARCHAR2,50,Y
PERSONS_CARDS_ALTERNATE,TEMP,CHAR,1,N
PERSONS_CARDS_ALTERNATE,ACTIVE,CHAR,1,Y
PERSONS_CARDS_ALTERNATE,CC_TRANS_NUM,NUMBER,22,Y
PERSONS_CARDS_ALTERNATE,PAYMENT_MEDIUM,VARCHAR2,100,Y
PERSONS_CARDS_ALTERNATE,PRICE,NUMBER,22,Y
PERSONS_CARDS_ALTERNATE,CLOSE_ID,NUMBER,22,Y
PERSONS_CARDS_ALTERNATE,PAID,CHAR,1,Y
PERSONS_CARDS_ALTERNATE,VOID_CLOSE_ID,NUMBER,22,Y
PERSONS_CARDS_ALTERNATE,NONCE,VARCHAR2,10,Y
PERSONS_DISCOUNTS_ELIGIBLE,ROW_ID,NUMBER,22,N
PERSONS_DISCOUNTS_ELIGIBLE,PERSON_ID,NUMBER,22,Y
PERSONS_DISCOUNTS_ELIGIBLE,DISCOUNT_ID,NUMBER,22,Y
PERSONS_DISCOUNTS_ELIGIBLE,SEASON,NUMBER,22,Y
PERSONS_DISCOUNTS_ELIGIBLE,CREATED_ON,DATE,7,Y
PERSONS_DISCOUNTS_ELIGIBLE,CREATED_BY,VARCHAR2,500,Y
PERSONS_DISCOUNTS_ELIGIBLE,UPDATED_ON,DATE,7,Y
PERSONS_DISCOUNTS_ELIGIBLE,UPDATED_BY,VARCHAR2,500,Y
PERSONS_EVENTS,ASSIGN_ID,NUMBER,22,N
PERSONS_EVENTS,PERSON_ID,NUMBER,22,Y
PERSONS_EVENTS,EVENT_ID,NUMBER,22,Y
PERSONS_EVENTS,CREATED_ON,DATE,7,Y
PERSONS_EVENTS,CREATED_BY,VARCHAR2,500,Y
PERSONS_EVENTS,UPDATED_ON,DATE,7,Y
PERSONS_EVENTS,UPDATED_BY,VARCHAR2,500,Y
PERSONS_MEMBERSHIPS,ASSIGN_ID,NUMBER,22,N
PERSONS_MEMBERSHIPS,PERSON_ID,NUMBER,22,N
PERSONS_MEMBERSHIPS,MEMBERSHIP_TYPE_ID,NUMBER,22,N
PERSONS_MEMBERSHIPS,PURCHASE_DATE,DATE,7,Y
PERSONS_MEMBERSHIPS,START_DATE,DATE,7,Y
PERSONS_MEMBERSHIPS,EXPIRATION_DATE,DATE,7,Y
PERSONS_MEMBERSHIPS,SCHOOL_ID,NUMBER,22,Y
PERSONS_MEMBERSHIPS,ORDER_ID,NUMBER,22,Y
PERSONS_MEMBERSHIPS,PRICE,NUMBER,22,N
PERSONS_MEMBERSHIPS,CREATED_ON,DATE,7,Y
PERSONS_MEMBERSHIPS,CREATED_BY,VARCHAR2,500,Y
PERSONS_MEMBERSHIPS,UPDATED_ON,DATE,7,Y
PERSONS_MEMBERSHIPS,UPDATED_BY,VARCHAR2,500,Y
PERSONS_MEMBERSHIPS,TEMP,CHAR,1,N
PERSONS_MEMBERSHIPS,PAYMENT_LOCATION,VARCHAR2,50,Y
PERSONS_MEMBERSHIPS,PAYMENT_MEDIUM,VARCHAR2,50,Y
PERSONS_MEMBERSHIPS,DISCOUNT_ID,NUMBER,22,Y
PERSONS_MEMBERSHIPS,OLD_CARD_NUM,VARCHAR2,100,Y
PERSONS_MEMBERSHIPS,OLD_COMP_REASON,VARCHAR2,500,Y
PERSONS_MEMBERSHIPS,OLD_DMG_WAIVER,CHAR,1,Y
PERSONS_MEMBERSHIPS,CLOSE_ID,NUMBER,22,Y
PERSONS_MEMBERSHIPS,CC_TRANS_NUM,NUMBER,22,Y
PERSONS_MEMBERSHIPS,GROUP_ID,NUMBER,22,Y
PERSONS_MEMBERSHIPS,DISCOUNT_INSTANCE_ID,NUMBER,22,Y
PERSONS_MEMBERSHIPS,NOTES,VARCHAR2,4000,Y
PERSONS_MEMBERSHIPS,VOID_CLOSE_ID,NUMBER,22,Y
PERSONS_MEMBERSHIPS,DISCOUNT_AMT,NUMBER,22,Y
PERSONS_MEMBERSHIPS,PRETAX_PRICE,NUMBER,22,Y
PERSONS_MEMBERSHIPS,TAX_RATE,NUMBER,22,Y
PERSONS_MEMBERSHIPS,UAP_GROUP_ID,NUMBER,22,Y
PERSONS_MEMBERSHIPS,IGNORE_DISCOUNT_FROZEN,CHAR,1,Y
PERSONS_MEMBERSHIPS,ORIGINAL_EXPIRATION_DATE,DATE,7,Y
PERSONS_MEMBERSHIPS,COVID_EMAIL_SENT,CHAR,1,Y
PERSONS_MEMBERSHIPS,COVID_DAYS,NUMBER,22,Y
PERSONS_NOTIFICATION_PREFERENCES,PREF_ID,NUMBER,22,N
PERSONS_NOTIFICATION_PREFERENCES,PERSON_ID,NUMBER,22,Y
PERSONS_NOTIFICATION_PREFERENCES,NOTIFICATION_EVENT,VARCHAR2,25,Y
PERSONS_NOTIFICATION_PREFERENCES,NOTIFICATION_METHOD,VARCHAR2,25,Y
PERSONS_NOTIFICATION_PREFERENCES,CREATED_ON,DATE,7,Y
PERSONS_NOTIFICATION_PREFERENCES,CREATED_BY,VARCHAR2,500,Y
PERSONS_NOTIFICATION_PREFERENCES,UPDATED_ON,DATE,7,Y
PERSONS_NOTIFICATION_PREFERENCES,UPDATED_BY,VARCHAR2,500,Y
PERSONS_RATINGS,ASSIGN_ID,NUMBER,22,N
PERSONS_RATINGS,PERSON_ID,NUMBER,22,N
PERSONS_RATINGS,RATING_ID,NUMBER,22,N
PERSONS_RATINGS,CREATED_ON,DATE,7,Y
PERSONS_RATINGS,CREATED_BY,VARCHAR2,500,Y
PERSONS_RATINGS,UPDATED_ON,DATE,7,Y
PERSONS_RATINGS,UPDATED_BY,VARCHAR2,500,Y
PERSONS_RATINGS,PROGRAM_ID,NUMBER,22,N
PERSONS_RATINGS,TEST_SIGNOUT_ID,NUMBER,22,Y
PERSONS_RECURRING_DONATIONS,ROW_ID,NUMBER,22,N
PERSONS_RECURRING_DONATIONS,PERSON_ID,NUMBER,22,N
PERSONS_RECURRING_DONATIONS,FUND_ID,NUMBER,22,N
PERSONS_RECURRING_DONATIONS,AMOUNT_IN_CENTS,NUMBER,22,N
PERSONS_RECURRING_DONATIONS,CREATED_ON,DATE,7,Y
PERSONS_RECURRING_DONATIONS,EMBRYONIC,CHAR,1,Y
PERSONS_TAGS,ASSIGN_ID,NUMBER,22,N
PERSONS_TAGS,PERSON_ID,NUMBER,22,Y
PERSONS_TAGS,TAG_ID,NUMBER,22,Y
PERSONS_TAGS,CREATED_ON,DATE,7,Y
PERSONS_TAGS,CREATED_BY,VARCHAR2,500,Y
PERSONS_TAGS,UPDATED_ON,DATE,7,Y
PERSONS_TAGS,UPDATED_BY,VARCHAR2,500,Y
PERSONS_TEMP,PERSON_ID,NUMBER,22,N
PERSONS_TEMP,NAME_FIRST,VARCHAR2,100,Y
PERSONS_TEMP,NAME_MIDDLE_INITIAL,VARCHAR2,5,Y
PERSONS_TEMP,NAME_LAST,VARCHAR2,100,Y
PERSONS_TEMP,NAME_PREFIX,VARCHAR2,50,Y
PERSONS_TEMP,NAME_SUFFIX,VARCHAR2,50,Y
PERSONS_TEMP,GENDER,CHAR,1,Y
PERSONS_TEMP,DOB,DATE,7,Y
PERSONS_TEMP,EMAIL,VARCHAR2,100,Y
PERSONS_TEMP,PARENT_EMAIL,VARCHAR2,100,Y
PERSONS_TEMP,ADDR_1,VARCHAR2,200,Y
PERSONS_TEMP,ADDR_2,VARCHAR2,200,Y
PERSONS_TEMP,ADDR_3,VARCHAR2,200,Y
PERSONS_TEMP,CITY,VARCHAR2,50,Y
PERSONS_TEMP,STATE,VARCHAR2,50,Y
PERSONS_TEMP,ZIP,VARCHAR2,15,Y
PERSONS_TEMP,COUNTRY,VARCHAR2,50,Y
PERSONS_TEMP,PHONE_PRIMARY,VARCHAR2,100,Y
PERSONS_TEMP,PHONE_PRIMARY_TYPE,VARCHAR2,50,Y
PERSONS_TEMP,PHONE_ALTERNATE,VARCHAR2,30,Y
PERSONS_TEMP,PHONE_ALTERNATE_TYPE,VARCHAR2,50,Y
PERSONS_TEMP,EMERG1_NAME,VARCHAR2,200,Y
PERSONS_TEMP,EMERG1_RELATION,VARCHAR2,50,Y
PERSONS_TEMP,EMERG1_PHONE_PRIMARY,VARCHAR2,100,Y
PERSONS_TEMP,EMERG1_PHONE_ALTERNATE,VARCHAR2,100,Y
PERSONS_TEMP,EMERG2_NAME,VARCHAR2,200,Y
PERSONS_TEMP,EMERG2_RELATION,VARCHAR2,50,Y
PERSONS_TEMP,EMERG2_PHONE_PRIMARY,VARCHAR2,100,Y
PERSONS_TEMP,EMERG2_PHONE_ALTERNATE,VARCHAR2,100,Y
PERSONS_TEMP,ALLERGIES,VARCHAR2,4000,Y
PERSONS_TEMP,MEDICATIONS,VARCHAR2,4000,Y
PERSONS_TEMP,SPECIAL_NEEDS,VARCHAR2,4000,Y
PERSONS_TEMP,BAD_MAIL,CHAR,1,Y
PERSONS_TEMP,DECEASED,CHAR,1,Y
PERSONS_TEMP,DO_NOT_CALL,CHAR,1,Y
PERSONS_TEMP,DO_NOT_EMAIL,CHAR,1,Y
PERSONS_TEMP,DO_NOT_MAIL,CHAR,1,Y
PERSONS_TEMP,OCCUPATION,VARCHAR2,100,Y
PERSONS_TEMP,EMPLOYER,VARCHAR2,100,Y
PERSONS_TEMP,MATCHING_GIFTS,CHAR,1,Y
PERSONS_TEMP,CITIZENSHIP,VARCHAR2,100,Y
PERSONS_TEMP,ETHNICITY,VARCHAR2,100,Y
PERSONS_TEMP,LANGUAGE,VARCHAR2,100,Y
PERSONS_TEMP,REFERRAL_SOURCE,VARCHAR2,200,Y
PERSONS_TEMP,SAILING_EXP,VARCHAR2,100,Y
PERSONS_TEMP,ORGANIZATION,VARCHAR2,100,Y
PERSONS_TEMP,ORG_CONTACT,VARCHAR2,200,Y
PERSONS_TEMP,STUDENT,CHAR,1,Y
PERSONS_TEMP,SCHOOL,VARCHAR2,100,Y
PERSONS_TEMP,CREATED_ON,DATE,7,Y
PERSONS_TEMP,CREATED_BY,VARCHAR2,500,Y
PERSONS_TEMP,UPDATED_ON,DATE,7,Y
PERSONS_TEMP,UPDATED_BY,VARCHAR2,500,Y
PERSONS_TEMP,ETHNICITY_OTHER,VARCHAR2,100,Y
PERSONS_TEMP,REFERRAL_OTHER,VARCHAR2,100,Y
PERSONS_TEMP,ALLOW_SIGNOUTS,CHAR,1,Y
PERSONS_TEMP,SEND_ALERT,CHAR,1,Y
PERSONS_TEMP,TEMP,CHAR,1,N
PERSONS_TEMP,PERSON_TYPE,NUMBER,22,Y
PERSONS_TEMP,EMERG1_PHONE_PRIMARY_TYPE,VARCHAR2,50,Y
PERSONS_TEMP,EMERG1_PHONE_ALTERNATE_TYPE,VARCHAR2,50,Y
PERSONS_TEMP,EMERG2_PHONE_PRIMARY_TYPE,VARCHAR2,50,Y
PERSONS_TEMP,EMERG2_PHONE_ALTERNATE_TYPE,VARCHAR2,50,Y
PERSONS_TEMP,BAD_PHONE,CHAR,1,Y
PERSONS_TEMP,BAD_EMAIL,CHAR,1,Y
PERSONS_TEMP,MILITARY,VARCHAR2,50,Y
PERSONS_TEMP,REDUCED_LUNCH,CHAR,1,Y
PERSONS_TEMP,PW_HASH,VARCHAR2,100,Y
PERSONS_TEMP,INCOME_LEVEL,NUMBER,22,Y
PERSONS_TEMP,NEW_RETURNING,CHAR,1,Y
PERSONS_TEMP,SWIM_PROOF,NUMBER,22,Y
PERSONS_TEMP,OLD_FUNDRAISING_GREETING,VARCHAR2,300,Y
PERSONS_TEMP,OLD_PHONE_WORK,VARCHAR2,50,Y
PERSONS_TEMP,LANGUAGE_OTHER,VARCHAR2,200,Y
PERSONS_TO_DELETE,ROW_ID,NUMBER,22,N
PERSONS_TO_DELETE,PERSON_ID,NUMBER,22,Y
PERSONS_TO_DELETE,MERGED_INTO,NUMBER,22,Y
PERSON_RELATIONSHIPS,RELATION_ID,NUMBER,22,N
PERSON_RELATIONSHIPS,A,NUMBER,22,Y
PERSON_RELATIONSHIPS,B,NUMBER,22,Y
PERSON_RELATIONSHIPS,TYPE_ID,NUMBER,22,Y
PERSON_RELATIONSHIPS,CREATED_ON,DATE,7,Y
PERSON_RELATIONSHIPS,CREATED_BY,VARCHAR2,500,Y
PERSON_RELATIONSHIPS,UPDATED_ON,DATE,7,Y
PERSON_RELATIONSHIPS,UPDATED_BY,VARCHAR2,500,Y
PERSON_RELATIONSHIP_TYPES,TYPE_ID,NUMBER,22,N
PERSON_RELATIONSHIP_TYPES,A_TITLE,VARCHAR2,500,Y
PERSON_RELATIONSHIP_TYPES,B_TITLE,VARCHAR2,500,Y
PERSON_RELATIONSHIP_TYPES,CREATED_ON,DATE,7,Y
PERSON_RELATIONSHIP_TYPES,CREATED_BY,VARCHAR2,500,Y
PERSON_RELATIONSHIP_TYPES,UPDATED_ON,DATE,7,Y
PERSON_RELATIONSHIP_TYPES,UPDATED_BY,VARCHAR2,500,Y
PERSON_RELATIONSHIP_TYPES,ACCT_LINK,CHAR,1,Y
PERSON_TYPES,TYPE_ID,NUMBER,22,N
PERSON_TYPES,TYPE_NAME,VARCHAR2,100,Y
PERSON_TYPES,CREATED_ON,DATE,7,Y
PERSON_TYPES,CREATED_BY,VARCHAR2,500,Y
PERSON_TYPES,UPDATED_ON,DATE,7,Y
PERSON_TYPES,UPDATED_BY,VARCHAR2,500,Y
PERSON_TYPES,ACTIVE,CHAR,1,Y
PERSON_TYPES,DISPLAY_ORDER,NUMBER,22,Y
PERSON_TYPES_FIELDS,ASSIGN_ID,NUMBER,22,N
PERSON_TYPES_FIELDS,TYPE_ID,NUMBER,22,Y
PERSON_TYPES_FIELDS,ITEM_NAME,VARCHAR2,100,Y
PERSON_TYPES_FIELDS,CREATED_ON,DATE,7,Y
PERSON_TYPES_FIELDS,CREATED_BY,VARCHAR2,500,Y
PERSON_TYPES_FIELDS,UPDATED_ON,DATE,7,Y
PERSON_TYPES_FIELDS,UPDATED_BY,VARCHAR2,500,Y
PERSON_TYPES_FIELDS,DISPLAY,CHAR,1,Y
PREFERENCES,PREF_ID,NUMBER,22,N
PREFERENCES,DATA_TYPE,NUMBER,22,Y
PREFERENCES,CREATED_ON,DATE,7,Y
PREFERENCES,CREATED_BY,VARCHAR2,500,Y
PREFERENCES,UPDATED_ON,DATE,7,Y
PREFERENCES,UPDATED_BY,VARCHAR2,500,Y
PREFERENCES,PREF_ALIAS,VARCHAR2,50,N
PREFERENCES,PREF_DESCRIPTION,VARCHAR2,1000,Y
PROGRAM_TYPES,PROGRAM_ID,NUMBER,22,N
PROGRAM_TYPES,PROGRAM_NAME,VARCHAR2,100,N
PROGRAM_TYPES,DISPLAY_ORDER,NUMBER,22,Y
PROGRAM_TYPES,ACTIVE,CHAR,1,Y
PROGRAM_TYPES,CREATED_ON,DATE,7,Y
PROGRAM_TYPES,CREATED_BY,VARCHAR2,500,Y
PROGRAM_TYPES,UPDATED_ON,DATE,7,Y
PROGRAM_TYPES,UPDATED_BY,VARCHAR2,500,Y
PROGRAM_TYPES,COLOR_DISPLAY,VARCHAR2,4000,Y
PROMOTIONS,PROMO_ID,NUMBER,22,N
PROMOTIONS,PROMO_TYPE,CHAR,1,Y
PROMOTIONS,PROMO_AMOUNT,NUMBER,22,Y
PROMOTIONS,REDEMPTION_CODE,VARCHAR2,100,Y
PROMOTIONS,START_DATE,DATE,7,Y
PROMOTIONS,END_DATE,DATE,7,Y
PROMOTIONS,CREATED_ON,DATE,7,Y
PROMOTIONS,CREATED_BY,VARCHAR2,500,Y
PROMOTIONS,UPDATED_ON,DATE,7,Y
PROMOTIONS,UPDATED_BY,VARCHAR2,500,Y
RATINGS,RATING_ID,NUMBER,22,N
RATINGS,RATING_NAME,VARCHAR2,100,Y
RATINGS,CREATED_ON,DATE,7,Y
RATINGS,CREATED_BY,VARCHAR2,500,Y
RATINGS,UPDATED_ON,DATE,7,Y
RATINGS,UPDATED_BY,VARCHAR2,500,Y
RATINGS,DISPLAY_ORDER,NUMBER,22,Y
RATINGS,ACTIVE,CHAR,1,Y
RATINGS,OVERRIDDEN_BY,NUMBER,22,Y
RATINGS,TEST_MIN_CREW,NUMBER,22,Y
RATINGS,TEST_MAX_CREW,NUMBER,22,Y
RATINGS,TESTABLE,CHAR,1,Y
RATINGS,RATING_CATEGORY,CHAR,1,Y
RATINGS_PROGRAMS,ASSIGN_ID,NUMBER,22,N
RATINGS_PROGRAMS,RATING_ID,NUMBER,22,Y
RATINGS_PROGRAMS,PROGRAM_ID,NUMBER,22,Y
RATINGS_PROGRAMS,CREATED_ON,DATE,7,Y
RATINGS_PROGRAMS,CREATED_BY,VARCHAR2,500,Y
RATINGS_PROGRAMS,UPDATED_ON,DATE,7,Y
RATINGS_PROGRAMS,UPDATED_BY,VARCHAR2,500,Y
RATING_CHANGES,CHANGE_ID,NUMBER,22,N
RATING_CHANGES,PERSON_ID,NUMBER,22,N
RATING_CHANGES,RATING_ID,NUMBER,22,N
RATING_CHANGES,PROGRAM_ID,NUMBER,22,N
RATING_CHANGES,ACTION,CHAR,1,Y
RATING_CHANGES,CHANGED_BY,VARCHAR2,50,Y
RATING_CHANGES,CHANGED_DATE,DATE,7,N
RATING_CHANGES,COMMENTS,VARCHAR2,4000,Y
RATING_CHANGES,CREATED_ON,DATE,7,Y
RATING_CHANGES,CREATED_BY,VARCHAR2,500,Y
RATING_CHANGES,UPDATED_ON,DATE,7,Y
RATING_CHANGES,UPDATED_BY,VARCHAR2,500,Y
RA_CZ,EVENT_ID,NUMBER,22,N
RA_CZ,SIGNOUT_ID,NUMBER,22,N
RA_CZ,EVENT_DATETIME,DATE,7,Y
RA_CZ,CREATED_ON,DATE,7,Y
RA_CZ,CREATED_BY,VARCHAR2,500,Y
RA_CZ,UPDATED_ON,DATE,7,Y
RA_CZ,UPDATED_BY,VARCHAR2,500,Y
RA_CZ,RA_CZ,CHAR,1,Y
RESET_PW_REQS,REQ_ID,NUMBER,22,N
RESET_PW_REQS,PERSON_USER,CHAR,1,N
RESET_PW_REQS,REQ_HASH,VARCHAR2,50,N
RESET_PW_REQS,USED,CHAR,1,Y
RESET_PW_REQS,CREATED_ON,DATE,7,Y
RESET_PW_REQS,CREATED_BY,VARCHAR2,500,Y
RESET_PW_REQS,UPDATED_ON,DATE,7,Y
RESET_PW_REQS,UPDATED_BY,VARCHAR2,500,Y
RESET_PW_REQS,EMAIL,VARCHAR2,200,Y
RESTRICTIONS,RESTRICTION_ID,NUMBER,22,N
RESTRICTIONS,RESTRICTION_TEXT,VARCHAR2,1000,Y
RESTRICTIONS,CREATED_ON,DATE,7,Y
RESTRICTIONS,CREATED_BY,VARCHAR2,500,Y
RESTRICTIONS,UPDATED_ON,DATE,7,Y
RESTRICTIONS,UPDATED_BY,VARCHAR2,500,Y
SCHEDULED_DOWNTIME,SCHEDULE_ID,NUMBER,22,N
SCHEDULED_DOWNTIME,START_DATETIME,DATE,7,Y
SCHEDULED_DOWNTIME,END_DATETIME,DATE,7,Y
SENDGRID_SUPPRESSION_ACTIVITY,ROW_ID,NUMBER,22,N
SENDGRID_SUPPRESSION_ACTIVITY,OCCURRED_DATETIME,DATE,7,Y
SENDGRID_SUPPRESSION_ACTIVITY,EMAIL,VARCHAR2,500,Y
SENDGRID_SUPPRESSION_ACTIVITY,REASON,VARCHAR2,4000,Y
SENDGRID_SUPPRESSION_ACTIVITY,STATUS,VARCHAR2,50,Y
SENDGRID_SUPPRESSION_ACTIVITY,IP,VARCHAR2,30,Y
SENDGRID_SUPPRESSION_ACTIVITY,TYPE,VARCHAR2,15,Y
SENDGRID_SUPPRESSION_ACTIVITY,CREATED_ON,DATE,7,Y
SESSION_BLACKLIST,BLACKLIST_ID,NUMBER,22,N
SESSION_BLACKLIST,SESSION_ID,VARCHAR2,50,Y
SESSION_BLACKLIST,BLACKLIST_DATETIME,DATE,7,Y
SESSION_BLACKLIST,CREATED_ON,DATE,7,Y
SESSION_BLACKLIST,CREATED_BY,VARCHAR2,500,Y
SESSION_BLACKLIST,UPDATED_ON,DATE,7,Y
SESSION_BLACKLIST,UPDATED_BY,VARCHAR2,500,Y
SESSION_KEYS,ROW_ID,NUMBER,22,N
SESSION_KEYS,APEX_SESSION,VARCHAR2,100,Y
SESSION_KEYS,REMOTE_KEY,VARCHAR2,100,Y
SESSION_KEYS,USERNAME,VARCHAR2,50,Y
SESSION_KEYS,CREATED_ON,DATE,7,Y
SESSION_KEYS,CREATED_BY,VARCHAR2,500,Y
SESSION_KEYS,UPDATED_ON,DATE,7,Y
SESSION_KEYS,UPDATED_BY,VARCHAR2,500,Y
SHOPPING_CART_APPL_GC,CERT_ID,NUMBER,22,N
SHOPPING_CART_APPL_GC,ORDER_ID,NUMBER,22,N
SHOPPING_CART_APPL_GC,AMOUNT,NUMBER,22,Y
SHOPPING_CART_APPL_GC,CREATED_ON,DATE,7,Y
SHOPPING_CART_APPL_GC,CREATED_BY,VARCHAR2,500,Y
SHOPPING_CART_APPL_GC,UPDATED_ON,DATE,7,Y
SHOPPING_CART_APPL_GC,UPDATED_BY,VARCHAR2,500,Y
SHOPPING_CART_APPL_GC,REMAINING_VALUE,NUMBER,22,Y
SHOPPING_CART_DONATIONS,ITEM_ID,NUMBER,22,N
SHOPPING_CART_DONATIONS,AMOUNT,NUMBER,22,N
SHOPPING_CART_DONATIONS,CREATED_ON,DATE,7,Y
SHOPPING_CART_DONATIONS,CREATED_BY,VARCHAR2,500,Y
SHOPPING_CART_DONATIONS,UPDATED_ON,DATE,7,Y
SHOPPING_CART_DONATIONS,UPDATED_BY,VARCHAR2,500,Y
SHOPPING_CART_DONATIONS,ORDER_ID,NUMBER,22,N
SHOPPING_CART_DONATIONS,FUND_ID,NUMBER,22,N
SHOPPING_CART_DONATIONS,INITIATIVE_ID,NUMBER,22,N
SHOPPING_CART_DONATIONS,IN_MEMORY_OF,VARCHAR2,500,Y
SHOPPING_CART_DONATIONS,IS_ANON,CHAR,1,Y
SHOPPING_CART_GCS,ITEM_ID,NUMBER,22,N
SHOPPING_CART_GCS,MEMBERSHIP_TYPE_ID,NUMBER,22,Y
SHOPPING_CART_GCS,ORDER_ID,NUMBER,22,Y
SHOPPING_CART_GCS,RECIPIENT_EMAIL,VARCHAR2,500,Y
SHOPPING_CART_GCS,CERT_ID,NUMBER,22,Y
SHOPPING_CART_GCS,READY_TO_BUY,CHAR,1,Y
SHOPPING_CART_GCS,CREATED_ON,DATE,7,Y
SHOPPING_CART_GCS,CREATED_BY,VARCHAR2,500,Y
SHOPPING_CART_GCS,UPDATED_ON,DATE,7,Y
SHOPPING_CART_GCS,UPDATED_BY,VARCHAR2,500,Y
SHOPPING_CART_GCS,RECIPIENT_NAME_FIRST,VARCHAR2,200,Y
SHOPPING_CART_GCS,RECIPIENT_NAME_LAST,VARCHAR2,200,Y
SHOPPING_CART_GCS,RECIPIENT_ADDR_1,VARCHAR2,500,Y
SHOPPING_CART_GCS,RECIPIENT_ADDR_2,VARCHAR2,500,Y
SHOPPING_CART_GCS,RECIPIENT_CITY,VARCHAR2,100,Y
SHOPPING_CART_GCS,RECIPIENT_STATE,VARCHAR2,5,Y
SHOPPING_CART_GCS,RECIPIENT_ZIP,VARCHAR2,20,Y
SHOPPING_CART_GCS,DELIVERY_METHOD,CHAR,1,N
SHOPPING_CART_GCS,MESSAGE,CLOB,4000,Y
SHOPPING_CART_GCS,WHOSE_ADDR,CHAR,1,Y
SHOPPING_CART_GCS,PURCHASE_PRICE,NUMBER,22,Y
SHOPPING_CART_GCS,VALUE,NUMBER,22,Y
SHOPPING_CART_GCS,WHOSE_EMAIL,CHAR,1,Y
SHOPPING_CART_GCS,DISCOUNT_INSTANCE_ID,NUMBER,22,Y
SHOPPING_CART_GUEST_PRIVS,ITEM_ID,NUMBER,22,N
SHOPPING_CART_GUEST_PRIVS,ORDER_ID,NUMBER,22,Y
SHOPPING_CART_GUEST_PRIVS,PRICE,NUMBER,22,Y
SHOPPING_CART_GUEST_PRIVS,CREATED_ON,DATE,7,Y
SHOPPING_CART_GUEST_PRIVS,CREATED_BY,VARCHAR2,500,Y
SHOPPING_CART_GUEST_PRIVS,UPDATED_ON,DATE,7,Y
SHOPPING_CART_GUEST_PRIVS,UPDATED_BY,VARCHAR2,500,Y
SHOPPING_CART_GUEST_PRIVS,SC_MEMBERSHIP_ID,NUMBER,22,Y
SHOPPING_CART_GUEST_PRIVS,REAL_MEMBERSHIP_ID,NUMBER,22,Y
SHOPPING_CART_JPC,ITEM_ID,NUMBER,22,N
SHOPPING_CART_JPC,PERSON_ID,NUMBER,22,Y
SHOPPING_CART_JPC,ORDER_ID,NUMBER,22,Y
SHOPPING_CART_JPC,INSTANCE_ID,NUMBER,22,Y
SHOPPING_CART_JPC,READY_TO_BUY,CHAR,1,Y
SHOPPING_CART_JPC,CREATED_ON,DATE,7,Y
SHOPPING_CART_JPC,CREATED_BY,VARCHAR2,500,Y
SHOPPING_CART_JPC,UPDATED_ON,DATE,7,Y
SHOPPING_CART_JPC,UPDATED_BY,VARCHAR2,500,Y
SHOPPING_CART_JPC,PRICE,NUMBER,22,Y
SHOPPING_CART_JPC,DISCOUNT_INSTANCE_ID,NUMBER,22,Y
SHOPPING_CART_JPC,DISCOUNT_AMT,NUMBER,22,Y
SHOPPING_CART_MEMBERSHIPS,ITEM_ID,NUMBER,22,N
SHOPPING_CART_MEMBERSHIPS,MEMBERSHIP_TYPE_ID,NUMBER,22,Y
SHOPPING_CART_MEMBERSHIPS,PRICE,NUMBER,22,N
SHOPPING_CART_MEMBERSHIPS,CREATED_ON,DATE,7,Y
SHOPPING_CART_MEMBERSHIPS,CREATED_BY,VARCHAR2,500,Y
SHOPPING_CART_MEMBERSHIPS,UPDATED_ON,DATE,7,Y
SHOPPING_CART_MEMBERSHIPS,UPDATED_BY,VARCHAR2,500,Y
SHOPPING_CART_MEMBERSHIPS,PERSON_ID,NUMBER,22,N
SHOPPING_CART_MEMBERSHIPS,READY_TO_BUY,CHAR,1,N
SHOPPING_CART_MEMBERSHIPS,ORDER_ID,NUMBER,22,N
SHOPPING_CART_MEMBERSHIPS,SPEC_NEEDS_APPROVED,CHAR,1,Y
SHOPPING_CART_MEMBERSHIPS,DISCOUNT_AMT,NUMBER,22,Y
SHOPPING_CART_MEMBERSHIPS,DISCOUNT_ID,NUMBER,22,Y
SHOPPING_CART_MEMBERSHIPS,DISCOUNT_INSTANCE_ID,NUMBER,22,Y
SHOPPING_CART_MEMBERSHIPS,HAS_JP_CLASS_RESERVATIONS,CHAR,1,Y
SHOPPING_CART_MEMBERSHIPS,REQUESTED_DISCOUNT_INSTANCE_ID,NUMBER,22,Y
SHOPPING_CART_WAIVERS,ITEM_ID,NUMBER,22,N
SHOPPING_CART_WAIVERS,ORDER_ID,NUMBER,22,N
SHOPPING_CART_WAIVERS,PERSON_ID,NUMBER,22,Y
SHOPPING_CART_WAIVERS,CREATED_ON,DATE,7,Y
SHOPPING_CART_WAIVERS,CREATED_BY,VARCHAR2,500,Y
SHOPPING_CART_WAIVERS,UPDATED_ON,DATE,7,Y
SHOPPING_CART_WAIVERS,UPDATED_BY,VARCHAR2,500,Y
SHOPPING_CART_WAIVERS,PRICE,NUMBER,22,N
SIGNOUTS,SIGNOUT_ID,NUMBER,22,N
SIGNOUTS,PROGRAM_ID,NUMBER,22,N
SIGNOUTS,BOAT_ID,NUMBER,22,N
SIGNOUTS,CARD_NUM,VARCHAR2,50,Y
SIGNOUTS,SAIL_NUMBER,VARCHAR2,15,Y
SIGNOUTS,SIGNOUT_DATETIME,DATE,7,Y
SIGNOUTS,SIGNIN_DATETIME,DATE,7,Y
SIGNOUTS,TEST_RATING_ID,NUMBER,22,Y
SIGNOUTS,TEST_RESULT,VARCHAR2,10,Y
SIGNOUTS,SIGNOUT_TYPE,CHAR,1,N
SIGNOUTS,CREATED_ON,DATE,7,Y
SIGNOUTS,CREATED_BY,VARCHAR2,500,Y
SIGNOUTS,UPDATED_ON,DATE,7,Y
SIGNOUTS,UPDATED_BY,VARCHAR2,500,Y
SIGNOUTS,DID_CAPSIZE,CHAR,1,Y
SIGNOUTS,IS_QUEUED,CHAR,1,N
SIGNOUTS,QUEUE_ORDER,NUMBER,22,Y
SIGNOUTS,PERSON_ID,NUMBER,22,Y
SIGNOUTS,COMMENTS,VARCHAR2,4000,Y
SIGNOUTS,OLD_CREW_COUNT,NUMBER,22,Y
SIGNOUTS,OLD_YOUTH_COUNT,NUMBER,22,Y
SIGNOUTS,OLD_STUDENT_COUNT,NUMBER,22,Y
SIGNOUTS,OLD_RUN_AGROUND,CHAR,1,Y
SIGNOUTS,OLD_FIRST_NAME,VARCHAR2,500,Y
SIGNOUTS,OLD_LAST_NAME,VARCHAR2,500,Y
SIGNOUTS,JP_ATTENDANCE_ID,NUMBER,22,Y
SIGNOUTS,AP_ATTENDANCE_ID,NUMBER,22,Y
SIGNOUTS,HULL_NUMBER,VARCHAR2,15,Y
SIGNOUTS_DEBUG,SIGNOUT_ID,NUMBER,22,Y
SIGNOUTS_DEBUG,PROGRAM_ID,NUMBER,22,N
SIGNOUTS_DEBUG,BOAT_ID,NUMBER,22,N
SIGNOUTS_DEBUG,CARD_NUM,VARCHAR2,50,Y
SIGNOUTS_DEBUG,SAIL_NUMBER,VARCHAR2,15,Y
SIGNOUTS_DEBUG,SIGNOUT_DATETIME,DATE,7,Y
SIGNOUTS_DEBUG,SIGNIN_DATETIME,DATE,7,Y
SIGNOUTS_DEBUG,TEST_RATING_ID,NUMBER,22,Y
SIGNOUTS_DEBUG,TEST_RESULT,VARCHAR2,10,Y
SIGNOUTS_DEBUG,SIGNOUT_TYPE,CHAR,1,N
SIGNOUTS_DEBUG,CREATED_ON,DATE,7,Y
SIGNOUTS_DEBUG,CREATED_BY,VARCHAR2,500,Y
SIGNOUTS_DEBUG,UPDATED_ON,DATE,7,Y
SIGNOUTS_DEBUG,UPDATED_BY,VARCHAR2,500,Y
SIGNOUTS_DEBUG,DID_CAPSIZE,CHAR,1,Y
SIGNOUTS_DEBUG,IS_QUEUED,CHAR,1,N
SIGNOUTS_DEBUG,QUEUE_ORDER,NUMBER,22,Y
SIGNOUTS_DEBUG,PERSON_ID,NUMBER,22,Y
SIGNOUTS_DEBUG,COMMENTS,VARCHAR2,4000,Y
SIGNOUTS_DEBUG,OLD_CREW_COUNT,NUMBER,22,Y
SIGNOUTS_DEBUG,OLD_YOUTH_COUNT,NUMBER,22,Y
SIGNOUTS_DEBUG,OLD_STUDENT_COUNT,NUMBER,22,Y
SIGNOUTS_DEBUG,OLD_RUN_AGROUND,CHAR,1,Y
SIGNOUTS_DEBUG,OLD_FIRST_NAME,VARCHAR2,500,Y
SIGNOUTS_DEBUG,OLD_LAST_NAME,VARCHAR2,500,Y
SIGNOUTS_DEBUG,JP_ATTENDANCE_ID,NUMBER,22,Y
SIGNOUTS_DEBUG,AP_ATTENDANCE_ID,NUMBER,22,Y
SIGNOUTS_DEBUG,SNAPSHOT_TYPE,CHAR,1,Y
SIGNOUTS_DEBUG,SNAPSHOT_DATETIME,DATE,7,Y
SIGNOUTS_DEBUG,SNAPSHOT_ID,NUMBER,22,N
SIGNOUTS_TESTS,TEST_ID,NUMBER,22,N
SIGNOUTS_TESTS,SIGNOUT_ID,NUMBER,22,N
SIGNOUTS_TESTS,PERSON_ID,NUMBER,22,N
SIGNOUTS_TESTS,RATING_ID,NUMBER,22,N
SIGNOUTS_TESTS,TEST_RESULT,CHAR,1,Y
SIGNOUTS_TESTS,INSTRUCTOR_STRING,VARCHAR2,100,Y
SIGNOUTS_TESTS,CREATED_ON,DATE,7,Y
SIGNOUTS_TESTS,CREATED_BY,VARCHAR2,100,Y
SIGNOUTS_TESTS,UPDATED_ON,DATE,7,Y
SIGNOUTS_TESTS,UPDATED_BY,VARCHAR2,100,Y
SIGNOUT_CREW,CREW_ID,NUMBER,22,N
SIGNOUT_CREW,CARD_NUM,VARCHAR2,50,Y
SIGNOUT_CREW,SIGNOUT_ID,NUMBER,22,N
SIGNOUT_CREW,CREATED_ON,DATE,7,Y
SIGNOUT_CREW,CREATED_BY,VARCHAR2,500,Y
SIGNOUT_CREW,UPDATED_ON,DATE,7,Y
SIGNOUT_CREW,UPDATED_BY,VARCHAR2,500,Y
SIGNOUT_CREW,PERSON_ID,NUMBER,22,Y
SIGNOUT_CREW,START_ACTIVE,DATE,7,Y
SIGNOUT_CREW,END_ACTIVE,DATE,7,Y
SIGNOUT_CREW,OLD_FIRST_NAME,VARCHAR2,100,Y
SIGNOUT_CREW,OLD_LAST_NAME,VARCHAR2,100,Y
SIGNOUT_CREW,JP_ATTENDANCE_ID,NUMBER,22,Y
SIGNOUT_CREW,AP_ATTENDANCE_ID,NUMBER,22,Y
SPECIAL_NEEDS,SPEC_ID,NUMBER,22,N
SPECIAL_NEEDS,PERSON_ID,NUMBER,22,Y
SPECIAL_NEEDS,MEMBERSHIP_TYPE_ID,NUMBER,22,Y
SPECIAL_NEEDS,STATUS,CHAR,1,Y
SPECIAL_NEEDS,OVERRIDE_PRICE,NUMBER,22,Y
SPECIAL_NEEDS,AUTH_ON,DATE,7,Y
SPECIAL_NEEDS,AUTH_BY,VARCHAR2,50,Y
SPECIAL_NEEDS,CREATED_ON,DATE,7,Y
SPECIAL_NEEDS,CREATED_BY,VARCHAR2,500,Y
SPECIAL_NEEDS,UPDATED_ON,DATE,7,Y
SPECIAL_NEEDS,UPDATED_BY,VARCHAR2,500,Y
SPECIAL_NEEDS,DESCRIPTION,CLOB,4000,Y
SPECIAL_NEEDS,CONTACT_METHOD,VARCHAR2,50,Y
SPECIAL_NEEDS,PHONE,VARCHAR2,20,Y
STATES,STATE_ID,NUMBER,22,N
STATES,ABBREV,VARCHAR2,5,Y
STATES,STATE_NAME,VARCHAR2,70,Y
STRIPE_CHARGE_ATT_LOG,ATTEMPT_ID,NUMBER,22,N
STRIPE_CHARGE_ATT_LOG,ATTEMPT_DATETIME,DATE,7,Y
STRIPE_CHARGE_ATT_LOG,TOKEN_ID,NUMBER,22,Y
STRIPE_CHARGE_ATT_LOG,CART_TOTAL,NUMBER,22,Y
STRIPE_CHARGE_ATT_LOG,RESULT,CHAR,1,Y
STRIPE_CHARGE_ATT_LOG,CREATED_ON,DATE,7,Y
STRIPE_CHARGE_ATT_LOG,CREATED_BY,VARCHAR2,500,Y
STRIPE_CHARGE_ATT_LOG,UPDATED_ON,DATE,7,Y
STRIPE_CHARGE_ATT_LOG,UPDATED_BY,VARCHAR2,500,Y
STRIPE_CHARGE_ATT_LOG,ERROR_TYPE,VARCHAR2,100,Y
STRIPE_CHARGE_ATT_LOG,ERROR_MSG,VARCHAR2,4000,Y
STRIPE_CHARGE_ATT_LOG,CHARGE_NUMBER,VARCHAR2,100,Y
STRIPE_CHARGE_ATT_LOG,CHARGE_TOTAL,NUMBER,22,Y
STRIPE_CHARGE_ATT_LOG,ORDER_ID,NUMBER,22,Y
STRIPE_CHARGE_ATT_LOG,PAYMENT_INTENT_ROW_ID,NUMBER,22,Y
STRIPE_TOKENS,TOKEN_ID,NUMBER,22,N
STRIPE_TOKENS,TOKEN,VARCHAR2,50,Y
STRIPE_TOKENS,ORDER_ID,NUMBER,22,Y
STRIPE_TOKENS,CREATED_DATETIME,DATE,7,Y
STRIPE_TOKENS,CARD_LAST_DIGITS,VARCHAR2,10,Y
STRIPE_TOKENS,CARD_EXP_MONTH,NUMBER,22,Y
STRIPE_TOKENS,CARD_EXP_YEAR,NUMBER,22,Y
STRIPE_TOKENS,CARD_ZIP,VARCHAR2,20,Y
STRIPE_TOKENS,ACTIVE,CHAR,1,N
SUNSETS,ID,NUMBER,22,N
SUNSETS,SUNSET_DATETIME,DATE,7,Y
SUNSET_TIMES,ROW_ID,NUMBER,22,N
SUNSET_TIMES,FOR_DATE,DATE,7,N
SUNSET_TIMES,TWILIGHT_START,DATE,7,N
SUNSET_TIMES,SUNRISE,DATE,7,N
SUNSET_TIMES,SUNSET,DATE,7,N
SUNSET_TIMES,TWILIGHT_END,DATE,7,N
SUNSET_TIMES,DAY_LENGTH_SECONDS,NUMBER,22,N
SUNSET_TIMES,SONAR_NOON,DATE,7,N
SUNSET_TIMES,NAUTICAL_TWILIGHT_START,DATE,7,N
SUNSET_TIMES,NAUTICAL_TWILIGHT_END,DATE,7,N
SUNSET_TIMES,ASTRONOMICAL_TWILIGHT_START,DATE,7,N
SUNSET_TIMES,ASTRONOMICAL_TWILIGHT_END,DATE,7,N
SWIM_PROOF_METHODS,METHOD_ID,NUMBER,22,N
SWIM_PROOF_METHODS,METHOD_NAME,VARCHAR2,4000,N
SWIM_PROOF_METHODS,ACTIVE,CHAR,1,Y
SWIM_PROOF_METHODS,DISPLAY_ORDER,NUMBER,22,Y
SWIM_PROOF_METHODS,CREATED_ON,DATE,7,Y
SWIM_PROOF_METHODS,CREATED_BY,VARCHAR2,500,Y
SWIM_PROOF_METHODS,UPDATED_ON,DATE,7,Y
SWIM_PROOF_METHODS,UPDATED_BY,VARCHAR2,500,Y
SYMON_SCHEDULE,SCHEDULE_ID,NUMBER,22,N
SYMON_SCHEDULE,HOST_NAME,VARCHAR2,50,Y
SYMON_SCHEDULE,PROGRAM_NAME,VARCHAR2,50,Y
SYMON_SCHEDULE,ARG_STRING,VARCHAR2,250,Y
SYMON_SCHEDULE,FREQ_DAYS,NUMBER,22,Y
SYMON_SCHEDULE,CREATED_ON,DATE,7,Y
SYMON_SCHEDULE,CREATED_BY,VARCHAR2,500,Y
SYMON_SCHEDULE,UPDATED_ON,DATE,7,Y
SYMON_SCHEDULE,UPDATED_BY,VARCHAR2,500,Y
SYMON_SCHEDULE,SYMON_VERSION,VARCHAR2,5,Y
SYMON_SCHEDULE,DISABLED,CHAR,1,Y
TABLE_INFO,TABLE_ID,NUMBER,22,N
TABLE_INFO,TABLE_NAME,VARCHAR2,100,Y
TABLE_INFO,BI_TRIGGER_NAME,VARCHAR2,100,Y
TABLE_INFO,SEQUENCE_NAME,VARCHAR2,100,Y
TABLE_INFO,PK_COLUMN,VARCHAR2,100,Y
TABLE_INFO,IS_LOOKUP,CHAR,1,Y
TABLE_INFO,HAS_PERSON_ID,CHAR,1,Y
TAGS,TAG_ID,NUMBER,22,N
TAGS,TAG_NAME,VARCHAR2,100,Y
TAGS,ACTIVE,CHAR,1,Y
TAGS,DISPLAY_ORDER,NUMBER,22,Y
TAGS,CREATED_ON,DATE,7,Y
TAGS,CREATED_BY,VARCHAR2,500,Y
TAGS,UPDATED_ON,DATE,7,Y
TAGS,UPDATED_BY,VARCHAR2,500,Y
TEMP_MAKE_INDICES,ID,NUMBER,22,N
TEMP_MAKE_INDICES,TABLE_NAME,VARCHAR2,30,Y
TEMP_MAKE_INDICES,FK_COLUMN,VARCHAR2,30,Y
TEXT_FILES,FILE_ID,NUMBER,22,N
TEXT_FILES,FILE_NAME,VARCHAR2,100,Y
TEXT_FILES,MIME_TYPE,VARCHAR2,100,Y
TEXT_FILES,CLOB_CONTENT,CLOB,4000,Y
TEXT_FILES,CREATED_ON,DATE,7,Y
TEXT_FILES,CREATED_BY,VARCHAR2,500,Y
TEXT_FILES,UPDATED_ON,DATE,7,Y
TEXT_FILES,UPDATED_BY,VARCHAR2,500,Y
UAP_COMMENTS,PERSON_ID,NUMBER,22,N
UAP_COMMENTS,UAP_COMMENT,CLOB,4000,Y
UAP_COMMENTS,CREATED_ON,DATE,7,Y
UAP_COMMENTS,CREATED_BY,VARCHAR2,500,Y
UAP_COMMENTS,UPDATED_ON,DATE,7,Y
UAP_COMMENTS,UPDATED_BY,VARCHAR2,500,Y
UAP_GROUPS,UAP_GROUP_ID,NUMBER,22,N
UAP_GROUPS,GROUP_NAME,VARCHAR2,50,Y
UAP_GROUPS,CREATED_ON,DATE,7,Y
UAP_GROUPS,CREATED_BY,VARCHAR2,500,Y
UAP_GROUPS,UPDATED_ON,DATE,7,Y
UAP_GROUPS,UPDATED_BY,VARCHAR2,500,Y
UAP_GROUPS,ACTIVE,CHAR,1,Y
UAP_GROUP_PRICES,PRICE_ID,NUMBER,22,N
UAP_GROUP_PRICES,UAP_GROUP_ID,NUMBER,22,Y
UAP_GROUP_PRICES,UNIT_PRICE,NUMBER,22,Y
UAP_GROUP_PRICES,CREATED_ON,DATE,7,Y
UAP_GROUP_PRICES,CREATED_BY,VARCHAR2,500,Y
UAP_GROUP_PRICES,UPDATED_ON,DATE,7,Y
UAP_GROUP_PRICES,UPDATED_BY,VARCHAR2,500,Y
UAP_GROUP_PRICES,EFFECTIVE_DATETIME,DATE,7,Y
USERS,USER_ID,NUMBER,22,N
USERS,USER_NAME,VARCHAR2,50,N
USERS,PW_HASH,VARCHAR2,500,Y
USERS,EMAIL,VARCHAR2,100,N
USERS,CREATED_ON,DATE,7,Y
USERS,CREATED_BY,VARCHAR2,500,Y
USERS,UPDATED_ON,DATE,7,Y
USERS,UPDATED_BY,VARCHAR2,500,Y
USERS,LOCKED,CHAR,1,Y
USERS,PW_CHANGE_REQD,CHAR,1,Y
USERS,BAD_ATTEMPTS,NUMBER,22,Y
USERS,NAME_FIRST,VARCHAR2,100,Y
USERS,NAME_LAST,VARCHAR2,100,Y
USERS,SAGE_PW_CIPHER,VARCHAR2,4000,Y
USERS,SAGE_TO_ADD,VARCHAR2,4000,Y
USERS,ACTIVE,CHAR,1,N
USERS,HIDE_FROM_CLOSE,CHAR,1,Y
USERS,PW_HASH_SCHEME,VARCHAR2,20,Y
USERS,AUTH_NONCE,VARCHAR2,20,Y
USERS,USER_TYPE,CHAR,1,Y
USERS,ACCESS_PROFILE_ID,NUMBER,22,N
USERS,NO_APP_ACCESS,CHAR,1,Y
USERS_IPS,USER_ID,NUMBER,22,N
USERS_IPS,IP_ADDRESS,VARCHAR2,50,N
USERS_IPS,FIRST_DATETIME,DATE,7,Y
USERS_IPS,LAST_DATETIME,DATE,7,Y
USERS_IPS,USE_COUNT,NUMBER,22,Y
USERS_PREFERENCES,ROW_ID,NUMBER,22,N
USERS_PREFERENCES,USER_ID,NUMBER,22,Y
USERS_PREFERENCES,PREF_ID,NUMBER,22,Y
USERS_PREFERENCES,CREATED_ON,DATE,7,Y
USERS_PREFERENCES,CREATED_BY,VARCHAR2,500,Y
USERS_PREFERENCES,UPDATED_ON,DATE,7,Y
USERS_PREFERENCES,UPDATED_BY,VARCHAR2,500,Y
USERS_PREFERENCES,VALUE_FAKEBOOLEAN,CHAR,1,Y
USERS_ROLES,ASSIGN_ID,NUMBER,22,N
USERS_ROLES,USER_ID,NUMBER,22,Y
USERS_ROLES,ROLE_ID,NUMBER,22,Y
VERIFY_EMAIL_REQS,REQ_ID,NUMBER,22,N
VERIFY_EMAIL_REQS,EMAIL,VARCHAR2,1000,N
VERIFY_EMAIL_REQS,TOKEN,VARCHAR2,50,N
VERIFY_EMAIL_REQS,REQ_DATETIME,DATE,7,N
VERIFY_EMAIL_REQS,PERSON_ID,NUMBER,22,N
VERIFY_EMAIL_REQS,IS_VALID,CHAR,1,Y
WIKI_ENTRIES,ENTRY_ID,NUMBER,22,N
WIKI_ENTRIES,APP,NUMBER,22,Y
WIKI_ENTRIES,PAGE,NUMBER,22,Y
WIKI_ENTRIES,CONTENT,CLOB,4000,Y
WIKI_ENTRIES,CREATED_ON,DATE,7,Y
WIKI_ENTRIES,CREATED_BY,VARCHAR2,500,Y
WIKI_ENTRIES,UPDATED_ON,DATE,7,Y
WIKI_ENTRIES,UPDATED_BY,VARCHAR2,500,Y
YEARLY_DATES,DATE_ID,NUMBER,22,N
YEARLY_DATES,YEAR,NUMBER,22,Y
YEARLY_DATES,ITEM_ID,NUMBER,22,Y
YEARLY_DATES,START_DATE,DATE,7,Y
YEARLY_DATES,CREATED_ON,DATE,7,Y
YEARLY_DATES,CREATED_BY,VARCHAR2,500,Y
YEARLY_DATES,UPDATED_ON,DATE,7,Y
YEARLY_DATES,UPDATED_BY,VARCHAR2,500,Y
YEARLY_DATES,END_DATE,DATE,7,Y
YEARLY_DATE_ITEMS,ITEM_ID,NUMBER,22,N
YEARLY_DATE_ITEMS,ITEM_ALIAS,VARCHAR2,50,Y
YEARLY_DATE_ITEMS,ITEM_DESCRIPTION,VARCHAR2,500,Y
YEARLY_DATE_ITEMS,ALERT_IF_UNSET,CHAR,1,Y
YEARLY_DATE_ITEMS,CREATED_ON,DATE,7,Y
YEARLY_DATE_ITEMS,CREATED_BY,VARCHAR2,500,Y
YEARLY_DATE_ITEMS,UPDATED_ON,DATE,7,Y
YEARLY_DATE_ITEMS,UPDATED_BY,VARCHAR2,500,Y
YEARLY_DATE_ITEMS,VAL_IF_UNDEF,CHAR,1,Y
